No,yield20,SlogP_VSA3,BCUT2D_CHGHI,NumAliphaticRings,PEOE_VSA10,LEAmin_Rest,NumAliphaticCarbocycles,LEAmin_CoL2,BCUT2D_LOGPHI,LEAmin_Free,fr_bicyclic,PEOE_VSA11,EState_VSA2,EState_VSA9,BCUT2D_LOGPLOW,BalabanJ,ALIEmin_Rest,ODI_Std_Rest,VSA_EState1,BCUT2D_MRLOW,Chi4n,MaxPartialCharge,Mol_Radius_CoL2,HOMO_LUMO_Gap_Rest,LUMO_CoL2,MinPartialCharge,LUMO_Free,EState_VSA5,ALIEmin_Free,Mol_Radius_Free,Mol_Size_L_CoL2,Pos_Surface_Area_Free,Nonpolar_Area_Rest,ALIEmax_Free,HOMO_LUMO_Gap_Free,BCUT2D_MWHI,LEAmax_Rest,Weight_CoL2,Mol_Size_L_Rest,MaxAbsEStateIndex,ODI_HOMO_1_Free,MaxAbsPartialCharge,MPI_CoL2,MinAbsEStateIndex,Nu_CoL2,MPP_Free,Overall_Average_CoL2,Len_Div_Diameter_CoL2,ESPmax_CoL2,ESPmax_Rest,VSA_EState4
L106,0,9.473725908,2.402086856,2,18.21502853,-42.17914,0,-41.72353,2.43715708,-41.34623,0,11.67707092,35.76246431,14.46613064,-2.182839622,1.402755947,7.04825,3.398503347,12.85856954,0.148974173,4.919705182,0.233574755,9.235,0.161757,-0.007797,-0.467324824,-0.023798,0.0,8.33228,9.04,18.465,1016.14101,0.0,15.79179,0.189839,16.52543628,-13.34749,543.50212,18.464,10.28546989,7.61,0.467324824,2.60367358,0.167783687,0.0,1.438019,-0.09568325,0.999729291,-16.88829,-21.19984,4.385184959
L107,0,22.31536915,2.552985997,3,17.49867213,-42.55801,1,-42.09829,2.518686861,-41.02774,1,12.20793278,24.29161443,19.45853537,-2.410200775,1.268712165,8.22286,1.312202347,14.03305556,0.156376837,6.885309118,0.200850324,8.928,0.215622,-0.041718,-0.4692952,-0.014247,11.12690298,8.62228,9.108,17.372,1008.66821,345.02,13.67106,0.215718,16.5257264,-13.09243,621.6341,17.388,7.016527778,4.15,0.4692952,0.67601326,0.170341794,0.07087682,1.094369,-0.00341739,0.972894265,27.1136,16.95877,6.430035834
L108,0,20.67582753,2.609321607,3,17.49867213,-39.10222,1,-39.10165,2.582569346,-39.66946,0,11.20210162,12.08368166,19.45853537,-2.457738966,1.270839935,8.08428,1.500656107,15.30640873,0.0632514,8.835326962,0.200945584,9.378,0.209979,-0.045596,-0.461154084,-0.017105,0.0,8.44952,9.149,18.681,1144.84287,400.19,13.69885,0.214585,16.54015466,-13.10188,739.81013,18.682,7.653204365,6.94,0.461154084,0.63219535,0.3266401,0.05061814,1.841677,-0.00286699,0.99600128,25.51642,19.9911,4.048110334
L114,0,9.473725908,2.585196078,3,18.6287544,-40.17005,1,-39.94041,2.519489492,-40.68161,0,11.79549069,28.32865307,19.45853537,-2.261164154,1.806201557,8.06856,1.397175723,11.88361914,0.220291592,2.8028091,0.199171265,7.025,0.249744,-0.033748,-0.477901695,0.021183,0.0,8.34244,7.808,14.011,708.68967,234.32,13.99389,0.254087,16.51352894,-13.17763,353.36614,14.011,5.941809571,8.88,0.477901695,0.84592384,0.138888889,0.10834758,1.080233,-0.00042926,0.997224199,30.78989,18.57827,0.147058768
L115,0,9.473725908,2.537174832,3,18.6287544,-41.3764,1,-41.0796,2.479002597,-41.4355,0,11.79549069,28.32865307,19.45853537,-2.453194873,1.852250017,8.10933,1.538619511,12.04361914,0.176682534,3.208139186,0.199169576,7.087,0.247887,-0.035747,-0.477901703,0.023322,6.420821623,8.23532,7.061,14.121,742.81268,263.51,14.11003,0.257584,16.51290994,-13.2594,367.39276,14.121,6.021809571,8.74,0.477901703,0.80613115,0.137871788,0.08267705,1.124298,0.0008869,0.996260759,31.56928,19.42878,0.109076909
L117,0,22.31536915,2.509565031,4,18.6287544,-43.74374,2,-43.36031,2.452633979,-40.76168,4,11.79549069,12.08368166,19.45853537,-2.441117663,1.236049218,8.08213,0.369619737,14.118653,0.21247336,10.48009301,0.19986201,8.862,0.12596,-0.065406,-0.477896068,-0.05969,118.4249129,8.26566,8.316,16.148,1145.00432,380.44,14.52574,0.126,16.51272309,-13.06681,759.88439,16.155,7.059326499,6.43,0.477896068,0.6454539,0.175317443,0.10277042,2.298582,-0.00247086,0.91108102,32.64992,19.37947,1.915045588
L119,0,4.736862954,2.109857666,1,12.30080996,-39.47823,0,-39.22176,2.132452773,-39.57584,1,0.0,0.0,4.736862954,-2.030900547,2.131945487,8.07148,0.506526159,5.375402731,0.347261418,1.675234598,0.234992299,6.34,0.161172,-0.092887,-0.474408077,-0.062113,0.0,8.2614,6.352,12.496,407.92489,96.16,14.89571,0.169747,16.49337395,-13.07357,259.17013,12.625,5.375402731,8.55,0.474408077,1.08682592,0.667363946,0.13903,0.355188,0.0002995,0.985488959,39.69588,24.90144,1.805
L120,0,11.15768458,2.393225137,2,23.58924705,-40.39924,1,-40.08866,2.401488269,-40.40753,3,0.0,12.14580722,14.46613064,-2.141682084,1.71936853,7.977,2.149430157,11.33527019,0.205725961,3.086962396,0.236065991,7.261,0.191431,-0.074227,-0.49661323,-0.041262,11.12690298,8.10739,7.089,14.228,553.36404,147.27,15.20488,0.189833,16.5085219,-13.20731,341.27085,14.231,6.040334467,9.34,0.49661323,0.93543055,0.101395503,0.13658381,1.092434,-0.00110931,0.979754855,42.97691,29.13278,4.258371047
L121,0,11.15768458,2.393412418,3,17.83973521,-40.3103,2,-39.99538,2.403480957,-39.36458,3,0.0,12.14580722,14.71324621,-2.150707135,1.437327132,8.0842,2.104025903,6.183731418,0.205752022,4.419015529,0.235922587,7.625,0.185597,-0.078904,-0.470036674,-0.046029,48.92493909,8.13972,7.76,14.816,673.32288,220.65,14.79441,0.187629,16.50800989,-13.04677,379.36204,14.786,6.183731418,8.03,0.470036674,0.81617482,0.149385813,0.14873271,1.182389,-0.00305802,0.971540984,37.28963,22.35876,4.820430365
L122,0,4.736862954,2.340172897,1,11.73576882,-41.24896,0,-40.82482,2.40420316,-40.21472,1,6.103966388,12.14580722,14.71324621,-2.094918894,1.578191869,8.19351,1.775561531,6.336987198,0.196388152,3.513411006,0.236282795,8.047,0.160076,-0.094469,-0.465481477,-0.067257,0.0,8.29117,8.081,15.932,654.93196,189.1,14.22212,0.162436,16.50784696,-13.07345,411.36248,15.831,6.336987198,4.93,0.465481477,0.84977344,0.086231209,0.1301997,1.271125,-0.00190471,0.989934137,39.93984,26.04068,3.973906421
L123,0,23.17955701,2.506120134,2,11.73576882,-37.35995,1,-36.08727,2.504310518,-38.15422,1,5.601050811,6.041840829,14.71324621,-2.343050285,1.547044005,8.071,2.905499097,6.952800454,0.097657554,5.178845246,0.236923488,8.037,0.183123,-0.079568,-0.457182038,-0.045178,24.09902273,8.17757,8.253,15.977,808.51776,254.67,13.86239,0.183642,16.52225847,-13.09447,491.49042,15.949,6.952800454,4.8,0.457182038,0.75644752,0.225618176,0.09754796,1.661228,-0.00155275,0.99396541,37.41126,23.02518,5.904993127
L124,0,17.5785062,2.383596246,2,12.14580722,-39.85278,1,-39.51758,2.394643622,-40.22392,3,5.897745344,12.14580722,9.729267686,-2.140074025,1.593642098,7.93063,2.349797864,5.981769652,0.201921383,2.901305023,0.189977979,7.266,0.210633,-0.0547,-0.474365603,-0.021925,11.12690298,8.09227,7.497,14.176,544.29075,145.38,14.77463,0.214363,16.50731532,-12.94031,311.24483,14.288,5.981769652,12.25,0.474365603,0.97803903,0.18973356,0.13765349,1.067836,-0.00135202,0.97550234,41.8694,22.01565,3.704782953
L125,0,9.473725908,2.303688316,2,18.75268918,-40.49141,0,-39.65119,2.272361843,-40.90754,0,0.0,12.14580722,9.473725908,-2.154966582,1.478024631,4.04139,34.65504752,11.5921353,0.226048657,2.671135516,0.27337182,7.942,0.071683,-0.082093,-0.47143179,-0.04135,0.0,8.56797,7.557,15.568,662.02087,118.3,14.63588,0.20013,16.55365046,-11.58556,353.28159,15.568,5.909812453,12.2,0.47143179,0.92944348,0.026180818,0.13949412,0.904928,-0.00261943,0.980105767,37.0574,174.01506,2.273298727
L126,0,9.473725908,2.276551815,2,12.71084835,-39.93846,0,-40.05443,2.144062329,-40.0266,0,0.0,12.14580722,9.473725908,-2.183200233,1.973111628,5.38424,13.11098299,11.00895597,0.216830327,1.48918677,0.273002487,6.448,0.02765,-0.079719,-0.471814385,-0.036907,0.0,8.43492,6.606,12.843,561.87344,63.22,14.86124,0.199838,16.55342166,-10.18986,257.1957,12.697,5.581538171,10.2,0.471814385,0.99189686,0.219422714,0.14472492,0.880397,0.00216424,0.995890199,40.14782,44.50879,0.0
L127,0,22.31536915,2.293974252,2,12.71084835,-40.22662,0,-39.52303,2.172182938,-39.57933,0,0.0,12.14580722,9.473725908,-2.207087263,1.343137456,3.97864,33.11559904,11.65649306,0.221432936,3.041555572,0.273014569,6.68,0.071579,-0.078791,-0.471800984,-0.039562,11.12690298,8.48474,9.172,12.34,728.93132,108.4,14.83501,0.192998,16.55350145,-12.47638,381.33483,12.341,5.942031841,6.46,0.471800984,0.95897608,0.071179018,0.17650369,0.912816,-0.00675603,0.923652695,41.06427,133.87363,2.530107802
L129,0,9.473725908,2.31197074,2,12.71084835,-39.80631,0,-39.55486,2.189578378,-39.97143,0,0.0,12.14580722,9.473725908,-2.229076531,1.981372604,8.3277,4.216126777,11.26212491,0.170288575,1.703680934,0.273012992,7.155,0.195716,-0.079781,-0.471802757,-0.037005,0.0,8.42817,7.26,14.22,634.87828,158.33,14.49294,0.199305,16.55390009,-12.9639,285.24894,14.22,5.729048564,9.8,0.471802757,0.94201819,0.18,0.14219078,0.913718,0.00090291,0.993710692,36.18405,21.63861,0.0
L130,0,9.473725908,2.323396605,2,12.71084835,-39.84914,0,-39.60109,2.216818969,-39.65176,0,0.0,12.14580722,9.473725908,-2.24172327,1.944088914,8.30212,3.137167313,11.48232474,0.158014858,2.137831417,0.273013167,8.202,0.195178,-0.07929,-0.471802558,-0.035825,0.0,8.43868,8.163,16.387,752.72471,192.44,14.45068,0.207161,16.5539433,-13.19669,313.30217,16.385,5.853940146,10.8,0.471802558,0.87405944,0.193470936,0.1355801,0.844707,0.00146705,0.998963667,36.6249,22.46403,0.0
L131,0,9.473725908,2.2961646,2,12.71084835,-39.84878,0,-39.57598,2.190935016,-39.7621,0,0.0,12.14580722,9.473725908,-2.202491741,1.864651122,8.24653,3.647869241,11.40158352,0.19299833,2.380945167,0.273002837,7.741,0.196138,-0.079222,-0.471813988,-0.035384,0.0,8.42934,7.358,15.272,744.77219,206.43,14.77414,0.207403,16.55350512,-12.91293,313.30217,15.271,5.80368528,10.85,0.471813988,0.8379668,0.204119216,0.15675059,1.045029,0.00070869,0.986435861,39.16124,22.73289,0.0
L132,0,10.82998094,2.16976878,0,0.0,-35.62186,0,-34.37382,2.276736574,-34.82213,0,0.0,10.82998094,0.0,-2.121748149,2.47286646,7.9032,5.967176887,0.0,0.587782306,2.074253858,0.088865987,6.878,0.185748,-0.076799,-0.254599302,-0.039466,11.12690298,7.96443,6.889,13.578,847.91967,182.83,13.58664,0.194123,14.75502207,-13.23858,329.34631,13.579,4.483817082,20.67,0.254599302,1.01408303,0.124332837,0.08378461,1.053,0.00699291,0.987060192,50.3481,28.74776,4.70975222
L133,0,0.0,2.110530717,0,0.0,-37.08183,0,-36.13948,2.341362931,-36.95748,3,0.0,0.0,0.0,-1.898585484,1.824239917,8.01442,0.471963982,0.0,1.372439239,3.566817619,0.097049303,7.619,0.164047,-0.083862,-0.253914126,-0.055521,22.25380597,8.07921,7.563,15.238,682.71666,185.2,13.7735,0.164791,14.72832691,-13.05658,393.3472,15.238,4.667797777,5.23,0.253914126,0.87560535,0.945957577,0.08187674,0.825603,0.00455628,1.0,29.64094,19.24701,6.64724504
L134,0,9.473725908,2.333303721,4,13.21376393,-41.79419,2,-41.64193,2.420154232,-40.73153,2,0.0,12.08368166,19.45853537,-2.218964696,1.313196011,7.98675,0.33633131,12.95651751,0.240358553,8.032577533,0.216715167,8.259,0.163391,-0.053938,-0.475167415,-0.0522,96.88001607,8.26711,9.955,14.901,1096.92422,383.08,14.15222,0.156682,16.4974673,-13.10595,617.68689,14.958,6.478258757,3.86,0.475167415,0.56599931,0.255000088,0.10427915,1.537615,-0.00384483,0.902106793,25.39918,17.50005,4.504445371
L135,0,22.31536915,2.286631681,2,13.21376393,-40.6626,0,-40.84406,2.408100912,-41.66771,2,0.0,12.08368166,19.45853537,-2.099274237,1.289196613,5.65738,16.79468219,12.76859217,0.316436979,6.545244846,0.216716372,9.38,0.017487,-0.057807,-0.475166043,-0.051556,21.89935141,8.28018,8.784,18.758,957.82885,167.79,14.59967,0.158723,16.49734192,-12.60657,633.64483,18.274,6.384296083,4.72,0.475166043,0.59459282,0.069438322,0.08987035,1.955747,-0.00374379,0.99989339,23.33314,35.12317,6.732857335
L136,0,9.473725908,2.291618293,2,25.29744559,-41.56474,0,-41.34063,2.418024778,-40.99672,2,0.0,12.08368166,19.45853537,-2.083389996,1.368949564,8.06818,0.197863589,12.71588549,0.319261327,6.172579216,0.21705674,7.986,0.160842,-0.056833,-0.474797118,-0.049841,0.0,8.42281,8.155,13.052,860.8378,301.44,14.76085,0.162115,16.49737731,-13.10007,605.5916,13.05,6.357942743,5.93,0.474797118,0.68625385,0.040111802,0.07409019,1.993248,-0.00729419,0.817180065,23.07795,17.87259,6.427995088
L138,0,9.473725908,2.393133424,3,25.29744559,-40.4094,1,-40.01181,2.383444722,-40.86486,0,11.79549069,23.91949375,19.45853537,-2.328495467,1.360673927,7.92737,0.70042844,12.20041461,0.237498376,4.604367153,0.187523763,7.254,0.22877,-0.038444,-0.478091972,-0.002214,23.96854623,8.20239,9.828,13.164,878.0273,272.7,14.72452,0.235897,16.50113078,-13.13949,435.42541,13.136,6.100207305,8.79,0.478091972,0.84519523,0.113221263,0.07889471,1.183941,-0.00487205,0.907361456,29.04462,18.45659,2.450848175
L139,0,9.473725908,2.276407987,2,24.37980421,-40.06398,0,-40.01029,2.349217445,-39.18392,3,0.0,12.08368166,23.87568631,-2.130318438,1.653991603,8.05495,0.553240454,18.26743981,0.291565583,3.913571667,0.219921709,7.303,0.170176,-0.065873,-0.475086988,-0.051465,0.0,8.4414,7.238,12.842,737.6924,235.27,14.10095,0.170992,16.4987106,-12.99662,451.42482,12.842,6.409315004,7.66,0.475086988,0.62969773,0.189265472,0.1477378,0.987563,-0.00477995,0.879227715,37.10585,22.98255,3.415275311
L140,0,15.536432,2.244317792,1,12.64872279,-39.76428,0,-39.56052,2.280587038,-40.0057,0,0.0,6.041840829,9.729267686,-2.066572323,1.68147948,8.31377,5.810413066,18.95462137,0.319074248,2.961010924,0.21765512,7.974,0.161504,-0.07788,-0.474783322,-0.041677,0.0,8.26706,7.459,15.855,699.50519,165.99,14.42387,0.182434,32.19730442,-12.99352,422.40644,15.848,13.08721108,9.15,0.474783322,0.80925289,0.021234846,0.13672989,1.260634,-0.00404801,0.994168548,32.72294,22.91505,3.067330475
L141,0,4.736862954,2.231378699,1,12.30080996,-40.24407,0,-40.01506,2.188138681,-40.33121,0,0.0,6.041840829,4.736862954,-2.130519343,1.911779015,8.00899,4.107325011,5.670885771,0.291048324,2.081804481,0.235293935,7.272,0.177723,-0.080495,-0.474082893,-0.048084,0.0,8.07233,7.646,14.536,595.6263,151.36,14.11097,0.181589,16.49484614,-12.92576,328.27536,14.537,5.670885771,7.12,0.474082893,0.99024374,0.227135561,0.13310915,0.974255,-0.00399031,0.999449945,46.46065,31.04491,2.464867147
L142,0,9.473725908,2.537955773,3,17.49867213,-41.85393,1,-41.30207,2.527473373,-41.7649,0,12.20793278,24.29161443,19.45853537,-2.375737044,1.306732424,8.24693,0.409290545,13.77060658,0.155637432,6.373995296,0.200149074,9.044,0.219587,-0.039997,-0.469312134,-0.010529,0.0,8.58534,8.707,17.904,951.73399,306.39,14.35093,0.221906,16.52570482,-13.12087,573.59115,17.92,6.885303288,7.19,0.469312134,0.77500259,0.113038317,0.07531758,1.547442,-0.00228559,0.98982751,31.27588,21.43986,4.141243632
L146,0,9.473725908,2.255103274,2,12.71084835,-39.73842,0,-39.48424,2.105977368,-39.47743,0,0.0,12.14580722,9.473725908,-2.168972294,2.063365004,8.27063,2.591489678,10.67939815,0.240873976,1.185799638,0.272992054,5.93,0.197743,-0.079942,-0.471825932,-0.036912,0.0,8.44707,6.024,11.799,478.35815,93.27,14.8521,0.200727,16.55299366,-13.57474,229.14247,11.799,5.387731481,10.77,0.471825932,1.10326765,0.168709373,0.15287239,0.742818,0.00194162,0.994856661,41.30058,24.05674,0.0
L147,0,0.0,2.235604412,0,0.0,-34.2537,0,-33.77669,2.311542845,-34.24851,0,0.0,12.08368166,0.0,-2.323147555,2.43699068,6.92671,5.837633831,0.0,0.429217875,2.874928406,0.051798461,5.917,0.196418,-0.029725,-0.311413298,-0.001389,22.25380597,7.11183,5.726,11.417,629.07891,197.74,13.76525,0.202786,14.98832198,-12.8817,329.34631,11.032,3.473398526,7.99,0.311413298,0.81785394,0.25212963,0.14548996,1.506688,0.00515132,0.964762549,56.03583,32.1964,5.330161565
L148,0,0.0,2.206104293,1,0.0,-32.1012,1,-26.23341,2.169205025,-32.7469,0,0.0,0.0,0.0,-2.466122674,2.340034232,6.82337,7.680160724,0.0,0.309195172,1.821914529,0.021757997,4.971,0.27966,-0.029076,-0.315449209,0.087254,25.68328649,6.889,4.806,9.657,503.84517,165.68,13.65248,0.293451,14.98658183,-13.73775,203.1913,9.235,3.342407407,24.68,0.315449209,1.16550728,0.707175926,0.12316481,0.879714,0.0075606,0.971333736,47.49427,22.22482,0.0
L149,0,0.0,1.998880217,0,0.0,-37.43689,0,-32.95513,2.06480315,-37.57299,0,0.0,12.64872279,10.84019487,-2.133348715,2.746978189,6.99778,7.321015555,0.0,0.267757657,0.805642049,0.062389942,5.772,0.221124,-0.043623,-0.394402824,-0.000397,0.0,7.18405,5.101,11.47,385.04408,77.31,14.50921,0.227536,16.25192547,-12.52756,198.12842,10.239,8.663206727,13.79,0.394402824,1.17991579,0.003981481,0.23758401,0.811409,0.00981574,0.993589744,65.24344,42.49013,6.521111111
L150,0,13.08951281,2.234774936,1,0.0,-33.87322,1,-32.39656,2.193274794,-33.86899,0,0.0,0.0,0.0,-2.4879615,1.51983105,6.86556,2.716307236,0.0,0.280961559,3.30912677,0.022400364,7.55,0.200128,-0.027908,-0.308374305,0.001203,36.81018948,7.29837,6.912,14.866,767.06851,241.2,13.57608,0.208391,15.02014369,-13.14462,355.38366,14.866,3.76174304,14.16,0.308374305,0.89233198,0.581174414,0.14749822,0.97833,-2.32e-05,0.984503311,44.02826,21.77061,2.740523784
L151,0,0.0,2.216304056,0,11.49902367,-37.67962,0,-37.5833,2.299045207,-37.64646,0,0.0,12.08368166,9.473725908,-2.313244098,2.276304527,6.94608,1.392612204,10.45920436,0.40902101,2.67405994,0.118379765,6.898,0.191749,-0.029753,-0.496768202,-0.00238,11.12690298,7.30389,7.089,12.575,650.61403,164.32,15.02328,0.197643,16.46752813,-13.30502,361.34512,12.33,5.229602179,6.23,0.496768202,0.83987887,0.156760204,0.1154806,1.165702,0.00571661,0.911496086,41.93249,22.26068,2.413829733
L152,0,0.0,2.246744664,0,0.0,-32.99223,0,-32.70223,2.346632028,-33.89424,0,0.0,12.08368166,23.20187978,-2.317914594,2.43699068,7.12256,5.930503246,0.0,0.432366287,2.458089343,0.053064509,5.869,0.18883,-0.032603,-0.311376029,-0.014739,0.0,7.31464,6.005,10.834,548.53362,216.31,13.97696,0.197436,35.49678411,-13.05927,370.18307,10.834,6.325281102,13.72,0.311376029,0.8194222,0.035740741,0.10498174,1.336825,0.00667276,0.922985176,35.71004,19.97355,2.103585916
L153,0,4.736862954,2.230599256,1,12.30080996,-39.97823,0,-39.81024,2.198702983,-39.57414,0,0.0,6.041840829,4.736862954,-2.130504363,1.911779015,8.05554,1.379481334,5.691293934,0.291049234,2.194563056,0.235292741,6.89,0.18245,-0.07968,-0.474082899,-0.047368,0.0,8.27452,6.963,13.674,534.96935,170.49,14.71356,0.180041,16.49484352,-12.96038,327.28733,13.665,5.691293934,12.05,0.474082899,0.9173003,0.242760561,0.15002521,0.828254,-0.00331072,0.992307692,38.39592,23.94932,2.865978259
L154,0,20.30370685,2.299866423,2,13.21376393,-40.45182,0,-40.3947,2.386612856,-38.73089,3,0.0,22.9136626,19.45853537,-2.135360349,1.831270303,6.38889,1.718145803,12.42943717,0.291607804,5.063278395,0.21822913,8.501,0.128143,-0.028186,-0.47512915,-0.04692,21.89935141,8.40907,8.913,14.339,1050.58733,0.0,14.39903,0.149501,16.49736737,-13.26341,561.64506,14.314,6.214718584,7.41,0.47512915,2.56600675,0.017115899,0.0,0.941934,-0.09429902,0.843371368,-24.74355,-29.09478,6.723321817
L155,0,20.30370685,2.343046474,2,13.21376393,-40.7311,0,-40.92496,2.395938336,-40.3669,3,0.0,33.74364354,19.45853537,-2.248426239,1.825051257,6.39752,1.743034351,12.58206458,0.235437603,5.23650313,0.218239528,8.746,0.128394,-0.027537,-0.475117445,-0.04463,21.89935141,8.74239,8.313,14.709,1067.91754,0.0,14.19617,0.152818,16.49750245,-13.4425,589.69829,14.847,6.291032289,8.61,0.475117445,2.53943582,0.029592703,0.0,1.372093,-0.09332255,0.840898697,-24.83941,-27.80667,6.738357828
L156,0,9.473725908,2.260055507,2,13.21376393,-40.91368,0,-40.60731,2.287950143,-41.06342,0,0.0,12.08368166,19.45853537,-2.131132859,1.63914204,6.98092,4.38579739,11.84664333,0.291596487,3.458858873,0.218194961,7.032,0.123682,-0.026304,-0.475129529,-0.03768,0.0,8.35426,7.327,13.151,773.05335,0.0,14.59148,0.151433,16.4973867,-13.29573,451.448,13.155,5.923321664,10.6,0.475129529,2.89507569,0.207920045,0.0,1.469248,-0.10639208,0.93508248,-26.06564,-31.01387,3.864632832
L157,0,9.473725908,2.173755636,2,13.21376393,-40.65229,0,-39.40857,2.262865722,-40.53039,0,0.0,0.0,9.473725908,-2.083436011,1.693699678,6.9037,4.565177981,11.21796029,0.348241771,2.698458817,0.217894041,6.541,0.124846,-0.025665,-0.475454675,-0.038159,0.0,8.25522,6.538,12.259,570.60503,0.0,14.94606,0.151076,16.49579685,-13.60237,367.28829,12.265,5.608980143,11.08,0.475454675,3.11473966,0.643750525,0.0,1.045153,-0.11446458,0.93708913,-25.27974,-31.95379,3.848664966
L158,0,20.30370685,2.32289336,2,13.21376393,-40.12791,0,-40.00501,2.390407786,-39.58413,3,0.0,21.90783144,19.45853537,-2.167205781,1.888736516,6.38405,1.646215357,12.28589646,0.279335957,4.751515245,0.218489819,8.039,0.126735,-0.027804,-0.474849277,-0.045571,21.89935141,8.3425,8.341,14.816,973.80824,0.0,14.55965,0.149981,16.49867912,-13.54326,533.59182,14.816,6.142948229,8.15,0.474849277,2.60952298,0.019490106,0.0,1.059022,-0.09589821,0.92150765,-25.99865,-30.52456,6.165534062
L159,0,20.30370685,2.296632537,2,25.29744559,-40.58015,0,-40.35761,2.395902373,-39.55701,3,0.0,22.9136626,19.45853537,-2.132030166,1.453946538,6.42816,2.145522955,12.6609611,0.319643285,6.041102041,0.218571044,8.874,0.127236,-0.029973,-0.47475845,-0.047284,22.25380597,8.3773,8.827,15.821,1020.98761,0.0,14.59363,0.150372,16.49732766,-13.34441,629.67771,17.709,6.330480549,8.39,0.47475845,2.57096452,0.020241009,0.0,1.297946,-0.09448121,0.891424386,-24.16989,-22.05275,8.749152718
L160,0,20.30370685,2.276326569,2,13.21376393,-39.92246,0,-39.70461,2.382339315,-39.46995,3,0.0,22.9136626,19.45853537,-2.132068501,1.886754469,6.38515,1.680199021,12.05341788,0.323944926,4.549792479,0.218208548,8.042,0.127302,-0.027864,-0.475152318,-0.045544,21.89935141,8.34551,8.275,14.442,886.07802,0.0,14.76248,0.1506,16.49714035,-13.54078,505.53859,14.442,6.026708942,8.24,0.475152318,2.63926388,0.004107022,0.0,0.942257,-0.09699117,0.897910967,-24.9703,-30.07422,6.707025521
L161,0,20.30370685,2.260791473,2,13.21376393,-39.64335,0,-39.48205,2.378893481,-38.73362,3,0.0,10.82998094,9.473725908,-2.131986914,1.899037992,6.38183,1.654439104,11.80075413,0.348243644,4.302878338,0.21792821,7.935,0.127578,-0.02797,-0.475454296,-0.046926,21.89935141,8.41277,7.834,14.433,766.59536,0.0,14.93478,0.149111,16.49577658,-13.53872,477.48535,14.433,5.900377063,7.37,0.475454296,2.66868157,0.008742048,0.0,0.878331,-0.09807225,0.909451796,-24.87877,-30.33734,6.757275867
L17,0,0.0,2.376280483,2,0.0,-34.57856,0,-33.6834,2.294612193,-37.25973,0,11.67123957,12.08368166,9.984809465,-2.42103382,1.765611177,7.71077,1.19139624,0.0,0.520838986,3.830164693,0.171791113,6.915,0.163038,-0.069495,-0.321427333,-0.021501,11.37477255,8.08246,6.692,12.719,804.89458,243.81,14.31465,0.176746,15.35409193,-13.00201,435.47177,13.568,5.167017668,6.24,0.321427333,0.90529448,0.285768036,0.09960188,1.507463,0.00247469,0.91966739,34.83491,19.43714,2.376127068
L18,0,0.0,2.377289089,2,0.0,-36.03149,0,-34.62226,2.300390445,-37.27303,0,11.67123957,12.08368166,9.984809465,-2.421347218,1.762702199,7.67853,1.422152857,0.0,0.520834999,4.063703418,0.171791115,7.402,0.162475,-0.068152,-0.321426997,-0.019196,22.50167553,8.03229,7.031,13.707,949.22184,278.42,14.01085,0.175119,15.35418195,-13.01682,463.52501,14.132,5.206999402,6.7,0.321426997,0.87418148,0.27960265,0.08315451,1.747484,0.00406092,0.925898406,33.31571,18.72695,4.941220405
L25,0,0.0,2.36996278,2,0.0,-35.85453,0,-34.57676,2.318909794,-36.92903,0,11.67123957,0.0,9.984809465,-2.420422846,1.771688419,7.65436,1.5438001,0.0,0.514406818,5.420017599,0.171781213,8.091,0.162624,-0.066965,-0.321427657,-0.017803,22.50167553,8.03834,8.117,16.105,1104.42329,335.61,13.55101,0.175822,15.35292758,-12.97142,491.57824,16.13,5.359542076,5.86,0.321427657,0.82485413,0.290188177,0.08161833,1.658949,0.00394744,0.995241626,33.63518,18.24972,5.201466911
L26,0,10.82998094,2.373585285,2,0.0,-36.71207,0,-36.50044,2.335189712,-36.69044,0,11.67123957,22.9136626,9.984809465,-2.421533545,1.793654924,7.72975,1.460556401,0.0,0.514322757,5.597033133,0.171781214,8.42,0.162959,-0.066626,-0.321427476,-0.020147,22.50167553,7.9712,9.364,14.911,1171.5263,381.57,13.86243,0.16883,15.35302585,-13.00097,547.68471,15.153,5.390515519,14.73,0.321427476,0.80267731,0.09428711,0.07902784,1.303963,0.00440291,0.885451306,33.89491,18.39672,5.333522452
L37,0,0.0,2.14408716,0,0.0,-32.86676,0,-32.1219,2.315600724,-32.60226,0,0.0,0.0,0.0,-2.196167023,2.121010633,6.69693,2.658583975,0.0,1.735709509,2.178409504,-0.013435688,7.944,0.166519,-0.055632,-0.062222468,-0.018398,15.91361969,6.91468,6.013,15.396,520.50556,327.0,13.6714,0.195263,31.13152382,-13.09302,585.52131,15.396,2.227880658,7.38,0.062222468,0.58971737,0.445987654,0.0882463,1.183438,-0.00413307,0.969033233,21.22435,16.59413,0.0
L40,0,0.0,2.184838915,0,0.0,-32.75598,0,-32.25709,2.405258108,-32.88563,0,0.0,15.84317618,0.0,-2.193492906,1.638525235,6.33349,6.473505619,0.0,1.506739382,3.446296012,-0.019509103,8.015,0.160951,-0.057783,-0.062222829,-0.018812,33.54197964,6.80095,8.398,16.004,824.45207,227.25,13.67877,0.194567,31.13554085,-12.96165,459.36631,15.997,2.297622932,9.31,0.062222829,0.70846808,0.347916037,0.12633817,1.03486,-0.00080247,0.998378041,40.3909,25.03078,0.0
L41,0,0.0,2.279239376,0,0.0,-32.63148,0,-31.89517,2.493297414,-32.58812,0,0.0,15.84317618,0.0,-2.314087751,3.23330817,6.09671,4.577337518,0.0,0.788767804,1.754127593,-0.014143468,6.172,0.158069,-0.056654,-0.072288244,-0.015208,0.0,6.52812,5.939,12.021,609.46473,256.04,13.62143,0.176625,31.13514819,-12.99871,343.29072,12.019,2.430555556,13.49,0.072288244,0.79490299,0.100915638,0.09136967,1.538944,0.00193535,0.973833441,34.67463,18.09149,0.0
L42,0,0.0,2.406975547,2,0.0,-33.6479,0,-32.88176,2.74533812,-33.8218,0,0.0,15.84317618,0.0,-2.046778546,1.300707146,6.35867,7.331992823,0.0,0.76519865,6.716799966,0.004769741,7.607,0.182191,-0.056321,-0.090979973,-0.005244,38.00710655,6.54988,7.642,14.863,1052.37303,320.89,13.64766,0.207666,31.13576062,-12.99613,567.54749,14.863,2.396648505,13.26,0.090979973,0.69894135,0.100413179,0.13011426,1.971838,-0.0015756,0.976929144,34.75425,19.18624,9.314149809
L48,0,4.736862954,2.327570891,1,6.606881965,-40.01484,0,-39.93475,2.382638348,-40.78328,1,0.0,11.4568313,9.729267686,-2.259487175,1.78741849,6.62693,4.981653215,6.250004488,0.235672836,4.194894733,0.216766853,7.604,0.134764,-0.073655,-0.475155069,-0.055036,26.68606812,6.85093,7.785,14.673,807.18536,268.41,14.17064,0.15085,31.13152592,-13.08384,498.46263,14.474,6.250004488,7.22,0.475155069,0.65809134,0.071782255,0.09630536,1.789962,-0.00305576,0.964821147,29.85226,19.69987,1.191474138
L49,0,4.736862954,2.371539895,2,6.606881965,-40.33351,0,-40.15118,2.434831799,-40.59876,0,0.0,0.0,9.729267686,-2.445950873,1.702185262,6.45028,4.003251023,8.822773054,0.245243924,3.923269606,0.201446582,7.434,0.169399,-0.046881,-0.47754659,-0.021183,23.45072304,6.72665,7.228,14.787,753.41297,273.66,14.0628,0.169114,31.13773907,-12.89156,441.41286,14.829,6.137217498,6.29,0.47754659,0.68888149,0.300021626,0.08609476,1.370851,-0.00114487,0.994552058,29.85414,17.66979,0.0
L53,0,10.98560706,2.263623003,0,0.0,-37.92179,0,-36.81837,2.380317928,-37.90065,0,0.0,10.78886328,0.0,-2.372460314,1.965812154,6.36272,7.32962951,16.03141596,0.617630491,2.960390073,0.097553769,7.49,0.181214,-0.050479,-0.242371737,-0.018554,16.17253128,6.82827,7.828,14.966,838.12509,185.39,13.704,0.195228,32.20289822,-12.86156,470.47374,14.962,12.91002745,23.61,0.242371737,0.8350898,0.021094157,0.16383212,1.303242,0.00041271,0.999065421,56.14838,44.88581,1.180057634
L54,0,10.98560706,2.281056663,0,0.0,-37.29703,0,-34.67845,2.367207392,-37.34849,0,0.0,10.78886328,0.0,-2.37745819,1.893636227,6.46917,7.43935145,16.34887322,0.623794996,3.757032844,0.097860829,8.087,0.172615,-0.047924,-0.242360814,-0.02654,21.47707118,7.07982,7.726,15.132,899.69684,242.02,13.74332,0.185371,32.20289828,-13.084,532.5433,15.143,13.24805689,10.88,0.242360814,0.71624702,0.180664053,0.09686553,1.605844,-0.00321751,0.935575615,45.55242,36.85045,2.276611657
L55,0,33.14535009,2.292656022,2,13.21376393,-39.08764,0,-39.60926,2.38603146,-39.4115,3,0.0,22.9136626,19.45853537,-2.132404468,1.376302884,8.43231,1.131820988,12.71175116,0.316805169,6.413767671,0.218230684,10.177,0.154172,-0.029443,-0.475127377,-0.015252,33.0262544,6.60992,10.158,17.273,0.0,413.87,13.64075,0.128185,16.49729224,-13.11235,657.73094,17.362,6.35587558,8.59,0.475127377,2.41449976,0.052667004,0.0,1.162405,-0.08873124,0.848629262,-17.86499,17.96164,9.0778033
L56,0,0.0,2.217481696,0,11.16604028,-36.98002,0,-36.84579,2.42431061,-37.14374,7,0.0,0.0,8.393465409,-2.337234989,2.065054136,7.26523,11.13894519,15.63137613,0.570333035,4.42555851,0.309666093,7.731,0.094537,-0.107969,-0.407767292,-0.045609,21.54489686,7.71546,7.662,14.664,784.43434,217.84,13.80846,0.156518,31.1212149,-13.05081,476.41394,14.312,6.649718679,4.91,0.407767292,0.57316451,0.307429558,0.22262509,1.324,-0.00143209,0.9483896,61.05507,20.81429,1.780026245
L60,0,4.736862954,2.276502374,1,6.606881965,-39.81248,0,-39.59739,2.345201871,-39.67951,0,0.0,6.041840829,9.729267686,-2.249954182,1.811021489,6.44584,6.00040207,6.097541572,0.282296222,3.531183573,0.216733497,8.188,0.159552,-0.063727,-0.475166831,-0.038558,15.91361969,6.89465,7.902,16.226,738.55605,258.86,13.79825,0.171345,31.13152517,-13.09754,448.4038,16.257,6.097541572,12.02,0.475166831,0.67137505,0.257161544,0.09141766,1.764359,-0.0016974,0.990840254,27.85682,17.20424,1.131592866
L61,0,4.736862954,2.259837618,1,6.606881965,-39.67101,0,-39.52401,2.343932802,-39.5826,0,0.0,6.041840829,9.729267686,-2.249953864,1.788632906,6.44703,5.905951977,6.075458239,0.301399093,3.658526409,0.216723342,8.211,0.15891,-0.064489,-0.475178257,-0.034854,15.91361969,6.88278,8.671,16.41,763.71341,262.64,14.64655,0.180426,31.13152517,-12.92489,448.4038,16.414,6.075458239,12.18,0.475178257,0.67815365,0.266420803,0.09442019,1.236109,-0.00174354,0.999269273,29.32035,18.28244,1.132012367
L62,0,4.736862954,2.307468337,2,6.606881965,-40.03423,1,-39.71451,2.355550522,-36.97796,0,0.0,0.0,9.729267686,-2.249955838,1.545277311,6.4361,6.064243564,6.227802343,0.240520057,4.728033267,0.216733673,8.449,0.158983,-0.064101,-0.475166628,-0.039218,48.0177278,6.84741,8.357,16.765,851.6971,280.81,13.91835,0.17452,31.13152533,-13.11283,474.44116,16.794,6.227802343,11.78,0.475166628,0.64729627,0.326883766,0.09648038,1.275023,-0.00210199,0.992129246,27.28837,17.91605,1.161691363
L63,0,4.736862954,2.263380511,1,12.64872279,-39.68321,0,-39.50019,2.350684485,-39.103,0,0.0,6.041840829,9.729267686,-2.249953435,1.59861561,6.46072,6.311815805,6.12898715,0.31973095,3.798034109,0.217075246,7.824,0.155984,-0.066519,-0.474796332,-0.041486,21.47707118,6.99805,7.59,15.546,680.63853,238.23,14.54953,0.169797,31.13152532,-13.08934,468.39351,15.557,6.12898715,7.27,0.474796332,0.72901371,0.049939321,0.08935985,1.876513,-0.0040797,0.993481595,29.47864,18.64544,2.285289363
L64,0,4.736862954,2.268380699,1,6.606881965,-39.97145,0,-39.78851,2.34403787,-39.23431,0,0.0,6.041840829,9.729267686,-2.249953945,1.839608925,6.4435,6.166005595,6.035874906,0.291714656,3.309122286,0.216733324,7.586,0.158816,-0.064872,-0.475167029,-0.041096,15.91361969,6.77855,7.467,15.061,708.78617,242.79,14.06422,0.169278,31.13152509,-12.99535,434.37719,15.101,6.035874906,10.7,0.475167029,0.68860358,0.243272655,0.0951999,1.399094,-0.00177613,0.992683891,28.40114,18.89963,1.124506698
L65,0,17.08945999,2.346251995,1,12.3563938,-43.18908,0,-43.11872,2.389119379,-43.15173,0,0.0,11.4568313,14.46613064,-2.26009546,1.899441548,6.65002,4.503206496,90.94385501,-0.137945343,3.999505765,0.415910269,8.445,0.160338,-0.063844,-0.496741554,-0.040762,31.37526582,7.02956,8.756,16.524,974.03425,291.49,16.2597,0.171037,31.13152628,-13.20832,614.42583,16.439,13.26017288,8.64,0.496741554,0.65409121,0.125076881,0.17165475,1.701898,0.00313705,0.978330373,38.16913,29.2939,-1.209244354
L66,0,23.26575851,2.370119083,1,6.606881965,-43.19406,0,-43.10831,2.399163947,-43.21435,0,0.0,45.43852979,4.736862954,-2.268325621,1.943590011,6.81935,6.246539042,126.3432274,-0.137954524,4.069750839,0.41593498,8.127,0.152617,-0.078076,-0.475155178,-0.051154,30.33183534,7.18566,8.414,16.034,1063.73659,292.86,16.34645,0.175925,31.13152656,-13.39127,652.39782,16.022,13.72332053,10.13,0.475155178,0.66199088,0.020850051,0.16373714,1.742493,0.00698214,0.98646487,36.39781,24.0091,-3.278348082
L67,0,17.08945999,2.342646255,1,6.606881965,-43.16355,0,-43.09952,2.380865692,-43.1698,0,0.0,11.4568313,9.729267686,-2.257909211,1.848261455,6.71482,6.450276641,85.07516379,-0.137945343,3.840571185,0.415910269,8.478,0.165689,-0.065516,-0.475155324,-0.043504,24.26546827,7.07281,8.554,16.378,903.94494,286.73,16.27738,0.17853,31.13152609,-13.06085,584.39981,16.349,13.1906651,11.47,0.475155324,0.66159452,0.079701787,0.15441735,1.361674,0.00401446,0.965911772,33.57006,22.68431,-1.04680608
L68,0,9.473725908,2.377972057,2,12.08368166,-36.3443,0,-36.10308,2.474020072,-36.51687,2,12.20793278,24.29161443,19.45853537,-2.116531766,1.206723883,6.62149,3.659674678,14.05474638,0.196582163,8.107778637,0.217704897,8.145,0.14535,-0.06316,-0.466566478,-0.044552,0.0,6.98741,7.763,15.726,919.49035,332.27,13.64733,0.153753,16.51077942,-13.09916,683.62308,15.727,7.027373188,5.1,0.466566478,0.59217375,0.212305678,0.08236139,2.459841,-0.00255711,0.965377532,21.78827,15.18149,8.363793289
L105,1,9.473725908,2.602332184,3,17.49867213,-41.51223,1,-40.9794,2.572320169,-41.92678,0,12.20793278,24.29161443,19.45853537,-2.271738555,1.262608337,8.222,0.823084898,13.45060658,0.170423691,5.520441905,0.200150776,9.26,0.22112,-0.03958,-0.469312125,-0.008836,0.0,8.522,9.29,18.512,940.01034,271.09,14.3181,0.223539,16.52644278,-13.12236,545.53792,18.511,6.725303288,4.7,0.469312125,0.80882944,0.103779057,0.09422713,1.628946,-0.00322694,0.999568035,32.31643,21.89434,4.169588303
L111,1,22.31536915,2.499671292,3,18.6287544,-40.71698,1,-40.19606,2.441187365,-41.17523,0,11.79549069,17.49867213,19.45853537,-2.370980539,1.338838078,8.10083,1.087428159,12.3603565,0.251675285,4.833627032,0.199160725,9.852,0.229383,-0.038372,-0.477911634,-0.001467,23.96854623,8.23064,8.966,19.683,884.63667,295.62,14.20615,0.232245,16.51256124,-13.12483,449.45203,19.683,6.180178251,8.62,0.477911634,0.74879182,0.187031259,0.08656952,1.244861,0.00063172,0.998934227,28.9835,16.79133,2.379222762
L112,1,35.1570124,2.518948837,3,18.6287544,-41.07861,1,-40.50753,2.428483208,-41.53621,1,11.79549069,12.08368166,19.45853537,-2.406543547,1.298611454,8.14599,1.617704778,12.62280548,0.253207931,5.344940854,0.199861984,9.857,0.229607,-0.040633,-0.477894703,-0.000846,22.25380597,8.33244,8.435,19.633,915.01208,295.68,14.74686,0.228059,16.5125813,-13.1182,497.49497,19.648,6.311402741,4.58,0.477894703,0.69738532,0.129727782,0.1055878,1.189786,0.00100393,0.995891245,29.76347,17.51134,4.829926204
L113,1,22.31536915,2.481108385,3,18.6287544,-41.58387,1,-41.10898,2.417592987,-41.66481,0,11.79549069,17.49867213,19.45853537,-2.394061537,1.37815664,8.0398,2.276778151,12.58257872,0.239093774,5.187180422,0.199160724,9.84,0.229083,-0.038531,-0.477911634,-0.00114,36.81018948,8.38855,8.615,19.664,915.59483,326.57,14.21437,0.230691,16.51252469,-13.12843,477.50527,19.664,6.291289362,5.61,0.477911634,0.71458457,0.180228538,0.07823166,1.188176,0.00133186,0.999186992,28.49215,16.41829,2.356203214
L118,1,22.31536915,2.501609688,2,18.6287544,-43.55485,0,-43.01656,2.438402703,-42.21259,4,11.79549069,12.08368166,19.45853537,-2.441032389,1.45293841,8.03499,0.093641604,13.56478269,0.237173066,7.642271047,0.199861661,8.168,0.125296,-0.065521,-0.477896469,-0.056431,54.2166967,8.44098,8.019,15.886,1084.76744,319.33,14.41723,0.123278,16.51267254,-13.05313,679.75645,15.886,6.782391345,3.92,0.477896469,0.70378206,0.084071397,0.09388964,1.557419,-0.00300021,0.972453477,32.37889,19.26676,1.802083123
L128,1,9.473725908,2.356286089,2,12.20793278,-40.11807,0,-39.53016,2.226589319,-39.7374,0,0.0,11.13997606,9.473725908,-2.26661591,2.126065982,3.33901,14.84912792,11.05990741,0.130440685,1.393710169,0.273284635,5.846,0.051576,-0.033707,-0.471522649,-0.033864,0.0,8.40199,5.915,11.304,570.67987,0.0,14.63067,0.210203,16.56092091,-13.48668,196.24663,11.29,5.620231481,11.79,0.471522649,0.58650981,0.144894652,0.05831001,1.177767,-0.00166785,0.966814916,21.28902,-16.89925,-0.359233749
L144,1,33.14535009,2.500980421,4,18.6287544,-42.50624,2,-41.89667,2.41500768,-42.57933,0,11.79549069,22.9136626,19.45853537,-2.439198354,1.425344669,7.96045,0.596217242,13.53405549,0.21212254,8.22174385,0.199860406,9.267,0.222535,-0.031279,-0.477896077,0.000698,86.4620222,8.07426,9.643,17.9,1306.90264,474.11,14.26707,0.222929,16.512698,-13.29274,671.86203,17.899,6.767027746,4.59,0.477896077,0.58962558,0.113242501,0.10754934,2.208113,-0.00317239,0.965792597,29.13986,17.49186,4.938604462
L145,1,22.31536915,2.452051296,4,24.29161443,-40.41895,2,-40.13048,2.430175383,-40.17035,6,0.0,24.29161443,19.45853537,-2.219911346,1.335459352,8.35737,2.940140303,12.19841553,0.186738994,4.403665773,0.273682053,8.12,0.192532,-0.08183,-0.467755967,-0.042611,22.25380597,8.54617,8.211,15.743,634.36509,154.28,14.93825,0.193406,16.56061172,-13.18871,377.30306,15.741,6.099207766,7.37,0.467755967,0.86281292,0.092802606,0.13288169,1.195018,-0.00135118,0.969396552,36.68066,21.81847,5.244467809
L23,1,0.0,2.380200116,2,0.0,-36.38724,0,-36.19083,2.320256437,-37.00137,0,11.67123957,12.08368166,9.984809465,-2.422256545,1.786940966,7.79367,1.379898094,0.0,0.520804707,4.717898011,0.171791271,7.702,0.166219,-0.065332,-0.321416895,-0.015622,22.50167553,8.12998,7.936,14.707,1091.91573,318.24,13.59494,0.178493,15.35444064,-13.00205,519.63148,14.871,5.299076279,6.37,0.321416895,0.83982511,0.266068962,0.07178879,2.215628,0.00465949,0.954752012,37.18145,21.65616,5.165617336
L51,1,11.15768458,2.303398783,1,6.606881965,-41.0553,0,-40.89663,2.343778631,-40.61427,0,5.897745344,11.4568313,9.729267686,-2.248353484,1.724101855,6.5315,5.941735857,5.999379934,0.233463039,3.586552517,0.187737327,7.53,0.173959,-0.048104,-0.478429446,-0.020214,21.47707118,6.92273,8.796,14.991,772.27514,269.72,13.81617,0.193449,31.13152523,-13.11323,462.43042,15.027,5.999379934,16.61,0.478429446,0.67032954,0.126948142,0.0939416,1.453815,-0.00097276,0.995418327,29.04771,16.72678,1.432157788
L57,1,4.736862954,2.319497399,1,6.606881965,-40.54014,0,-40.46671,2.351475724,-39.64931,0,0.0,11.4568313,9.729267686,-2.249995525,1.834792303,6.46724,5.925179322,6.101083239,0.23566743,3.395734654,0.216743722,7.761,0.162964,-0.061492,-0.475155324,-0.035528,15.91361969,6.87832,8.083,15.493,753.68789,253.8,13.96842,0.179529,31.13152517,-13.10166,448.4038,15.499,6.101083239,11.86,0.475155324,0.68818603,0.097508469,0.09423134,1.298155,-0.00174446,0.998131684,30.36336,19.36609,1.216089241
L58,1,4.736862954,2.324100228,1,12.3563938,-40.18195,0,-40.11081,2.363573912,-39.73297,0,0.0,11.4568313,14.46613064,-2.252486964,1.883834019,6.37967,4.801465271,11.69637103,0.235633536,3.554669233,0.216883504,7.469,0.151048,-0.063269,-0.496741554,-0.032645,15.91361969,6.81032,8.082,14.519,763.02791,239.42,15.10031,0.171606,31.13152535,-13.12139,478.42983,14.642,6.145028817,12.4,0.496741554,0.70640803,0.059895681,0.09358961,1.312384,-0.00129985,0.97195073,34.38483,25.18053,1.087596823
L59,1,10.91316147,2.356593735,1,6.606881965,-43.2495,0,-43.14609,2.378739388,-43.18561,0,0.0,11.4568313,9.729267686,-2.261892403,1.92486298,6.57819,5.144644667,46.77358902,-0.137130646,3.624914308,0.41593498,7.455,0.147624,-0.073852,-0.475155178,-0.051486,6.066367068,6.91786,7.537,14.458,797.05006,265.26,16.26438,0.162268,31.13152563,-13.10168,516.40181,14.417,13.62406088,11.72,0.475155178,0.67784535,0.111508146,0.09710548,1.458575,0.00181699,0.969684775,31.93925,20.56107,-0.420481159
L95,1,22.31536915,2.542684037,5,29.7066049,-41.67663,3,-41.36814,2.507216007,-41.76414,6,11.79549069,29.7066049,19.45853537,-2.427202134,1.277407819,8.03868,0.749149518,13.20775888,0.148867534,6.339663017,0.199804112,8.218,0.226864,-0.038901,-0.473867123,-0.004326,41.51627084,8.33933,7.72,15.783,759.28245,263.36,14.74742,0.230496,16.52579302,-13.20106,459.44688,15.783,6.603879441,8.42,0.473867123,0.79193212,0.136324337,0.07954056,1.292628,-0.00055527,0.960270139,28.59872,17.78601,5.172075038
L98,1,22.31536915,2.446384428,4,30.20952048,-40.67721,2,-40.27297,2.432926092,-41.20081,6,11.79549069,30.20952048,19.45853537,-2.256584921,1.275862184,8.0769,1.040348499,12.44562925,0.183548798,4.770702638,0.196274716,8.169,0.228398,-0.039278,-0.47407602,-0.00517,22.25380597,8.32681,8.785,15.684,676.8563,210.52,14.79988,0.231158,16.52384135,-13.1962,405.3563,15.684,6.222814626,7.19,0.47407602,0.84350225,0.022662509,0.11282808,1.251157,-0.00203052,0.959970621,32.81265,18.48834,5.330231401
L1,1,22.31536915,2.60988784,5,29.7066049,-40.65088,3,-40.26798,2.560948015,-40.81184,6,11.79549069,29.7066049,19.45853537,-2.295566181,1.230163942,8.10193,1.44333598,12.77664777,0.179175672,5.309332931,0.199805815,8.156,0.226477,-0.037755,-0.473867114,-0.01044,22.25380597,8.32635,6.092,15.643,681.43225,208.47,14.5875,0.223807,16.52656059,-13.19581,417.36703,15.634,6.388323885,6.23,0.473867114,0.88769815,0.148984957,0.10341862,1.555786,-0.00228204,0.958987249,30.18673,18.35631,5.209909925
L10,1,22.31536915,2.611233303,5,29.7066049,-40.60705,3,-40.22333,2.566105671,-41.3014,6,11.79549069,29.7066049,19.45853537,-2.295575632,1.013596818,8.11003,0.056291651,13.34294546,0.17917851,8.046206421,0.199805817,10.241,0.188676,-0.037941,-0.473867111,-0.023546,66.7614179,8.29672,10.788,19.928,1186.24204,384.77,14.71884,0.190233,16.52660626,-13.25397,625.66586,19.927,6.67147273,8.16,0.473867111,0.74579546,0.051762876,0.15826366,1.416719,-0.00780714,0.97295186,29.4222,18.26546,15.26917794
L100,1,35.1570124,2.544034168,4,41.34104659,-42.89178,2,-42.92689,2.486560188,-42.73978,6,0.0,35.92605612,19.45853537,-2.450592744,1.285733687,8.16572,0.775580428,41.47461863,0.161886752,7.022991944,0.200504992,8.28,0.219665,-0.039128,-0.473850192,-0.011214,46.51927424,8.31085,7.88,16.495,945.43632,214.76,15.74086,0.217072,19.14352775,-13.22212,607.5562,16.496,13.96702256,3.8,0.473850192,0.85932056,0.106074672,0.14317251,1.820613,-0.00228933,0.996074879,33.85345,22.62095,5.826932003
L101,1,45.98699334,2.563543858,12,29.7066049,-42.54351,10,-42.1281,2.621329446,-42.64605,6,0.0,24.29161443,19.45853537,-2.482047364,0.875239998,8.1026,3.164178408,14.49544954,-0.005309368,16.69917656,0.200504992,10.903,0.213574,-0.035284,-0.473850192,-0.00574,110.4305684,8.24659,10.646,21.612,1538.95062,495.81,14.71419,0.213444,16.52588782,-12.97266,840.01233,21.612,7.24772477,6.21,0.473850192,0.56021478,0.013632594,0.13642919,2.257685,-0.00352842,0.991103366,30.10794,19.37489,11.33150358
L102,1,22.31536915,2.527931565,4,29.7066049,-41.88227,2,-41.49972,2.499292762,-42.04899,8,11.79549069,24.29161443,19.45853537,-2.403187726,0.990599839,8.12765,0.178237903,13.68398157,0.159808227,8.995903077,0.199782112,10.555,0.165346,-0.040072,-0.473867374,-0.039812,66.05250879,8.46622,10.343,20.636,1077.08583,365.6,14.43368,0.166025,16.52580727,-13.13409,699.74616,20.635,6.841990784,6.95,0.473867374,0.69960515,0.009930341,0.1430134,1.717139,-0.00563769,0.977546187,29.84069,19.5896,9.742917538
L103,1,35.1570124,2.546301548,4,29.7066049,-42.48263,2,-42.14288,2.50207275,-41.98665,8,0.0,24.29161443,19.45853537,-2.450380614,0.980327559,8.14757,0.040311289,14.40929619,0.161896475,10.39459845,0.200504995,10.734,0.164591,-0.039708,-0.473850189,-0.040385,77.17941177,8.53935,11.656,21.174,1151.34453,364.16,14.85719,0.163855,16.52587381,-13.1154,823.88528,21.175,7.204648097,7.46,0.473850189,0.72151079,0.084100481,0.14313464,1.553611,-0.0066184,0.986305198,31.36612,20.73395,11.68337868
L104,1,35.1570124,2.546659201,4,29.7066049,-41.91426,2,-41.40554,2.505099507,-38.42961,8,0.0,24.29161443,19.45853537,-2.450380756,0.986995269,8.0511,0.209568008,14.48309287,0.161896414,10.94370815,0.200504995,10.296,0.168778,-0.042458,-0.473850189,-0.036413,88.30631476,8.60892,10.224,19.304,1318.77071,447.54,14.53378,0.169157,16.52587978,-13.10149,851.93851,19.29,7.241546436,8.37,0.473850189,0.64323067,0.089344385,0.15667139,1.896362,-0.00388502,0.937451437,30.51242,20.73426,14.36008528
L109,1,9.473725908,2.512123199,4,30.71243606,-42.76417,2,-42.19668,2.486034417,-42.49286,0,11.79549069,17.49867213,19.45853537,-2.427721347,1.39708071,8.16299,0.312599984,13.09726096,0.204516199,6.901824047,0.199523136,7.539,0.229582,-0.037614,-0.477542515,-0.001765,62.49347597,8.34426,8.391,14.363,897.61153,346.48,14.45482,0.237143,16.5126057,-13.14333,531.59585,14.363,6.54863048,11.38,0.477542515,0.7379299,0.059865243,0.07559507,1.932472,-0.0030478,0.952579918,29.82132,19.02382,2.12593789
L11,1,22.31536915,2.611044241,5,29.7066049,-40.64947,3,-40.26023,2.565456707,-40.85814,6,11.79549069,29.7066049,19.45853537,-2.295575316,1.022149639,8.10268,0.630357042,13.22172234,0.179179203,7.024720235,0.199805817,9.096,0.190872,-0.03862,-0.473867111,-0.025646,44.50761193,8.46718,10.872,17.458,916.38021,281.11,14.71169,0.192037,16.52659497,-13.1183,569.55939,17.455,6.610861168,4.15,0.473867111,0.81745023,0.061848715,0.15274835,1.286132,-0.00628665,0.959652595,30.24894,18.95359,10.001118
L110,1,22.31536915,2.576310111,3,18.6287544,-41.37665,1,-41.19436,2.509486106,-41.73233,0,11.79549069,17.49867213,19.45853537,-2.260980129,1.276489167,8.04868,0.339926463,12.0403565,0.278659532,3.980073641,0.199162427,6.96,0.230155,-0.037082,-0.477911625,0.000131,11.12690298,8.25913,6.816,13.908,684.89897,214.57,14.70773,0.231926,16.51332149,-13.16261,421.3988,13.907,6.020178251,4.54,0.477911625,0.81072636,0.183655045,0.09996522,1.268132,0.00147567,0.999137931,33.72188,21.66806,2.42436165
L116,1,28.53652618,2.586140029,3,18.6287544,-40.89454,1,-41.24075,2.508406754,-40.61456,0,23.87917235,25.4216967,18.94745182,-2.261149004,1.687720368,8.27271,1.523144363,21.63639521,-0.149650002,2.778701508,0.334341463,7.882,0.234569,-0.041325,-0.477262713,-0.004802,0.0,8.44777,7.863,15.343,853.06689,216.33,15.04266,0.235299,16.55960952,-12.87855,413.332,15.321,11.98198739,14.63,0.477262713,0.94105679,0.161444768,0.14109389,1.162071,-0.00386784,0.97329358,35.1594,22.26141,-0.541943027
L12,1,22.31536915,2.611470231,5,29.7066049,-40.616,3,-40.1827,2.567348307,-40.89133,6,11.79549069,29.7066049,19.45853537,-2.295576805,1.021769919,8.08362,1.144363906,13.42002665,0.179178827,8.98612777,0.199805817,9.22,0.211736,-0.03769,-0.473867111,-0.007948,77.88832088,8.47157,11.352,17.218,1090.69073,414.95,14.60552,0.21293,16.52661235,-13.27151,653.71909,17.217,6.710013323,4.69,0.473867111,0.69551446,0.04561203,0.17451787,1.108526,-0.00629001,0.93373102,30.41226,18.89342,18.20993874
L13,1,22.31536915,2.52480412,4,29.7066049,-40.59445,2,-40.30985,2.483288285,-41.80375,6,11.79549069,29.7066049,19.45853537,-2.403181123,1.372306643,7.98431,0.487102402,13.01664777,0.159806075,5.611504889,0.199782109,7.936,0.22383,-0.043013,-0.473867377,-0.005044,22.25380597,8.31207,7.058,15.5,720.93202,253.44,14.63587,0.228908,16.52575115,-13.2007,447.43615,15.493,6.508323885,10.61,0.473867377,0.77102835,0.11194792,0.09668024,1.375506,-0.00095545,0.9765625,30.08623,18.69042,4.995199041
L137,1,33.47305373,2.538487908,6,41.85241212,-42.40107,3,-42.00684,2.489731352,-41.95315,9,5.897745344,36.43742165,29.18780306,-2.408145977,1.098282851,8.12867,2.210467993,19.86442306,0.161537909,7.526280253,0.20005412,9.084,0.223926,-0.039851,-0.474673159,-0.005826,33.38070895,8.30758,8.968,17.907,895.51063,298.04,14.81515,0.227117,16.52928312,-13.19704,576.55197,17.826,6.676176272,7.62,0.474673159,0.67381617,0.009672652,0.11445597,1.758951,-0.00217774,0.985634082,27.71875,17.57973,7.097133367
L143,1,33.14535009,2.530792523,2,17.49867213,-42.82579,0,-42.14396,2.502132106,-42.60132,0,12.20793278,35.12159537,19.45853537,-2.441835932,1.35064222,8.13354,0.598372793,14.72786565,0.153964211,8.274779427,0.20084995,9.091,0.212678,-0.03642,-0.469295202,-0.014486,22.25380597,8.30043,9.476,17.832,1295.99438,473.03,14.10674,0.207084,16.52572369,-13.10172,811.9591,17.826,7.363932823,8.74,0.469295202,0.62401715,0.027116017,0.0904193,2.118037,-0.00532312,0.980750192,32.08515,22.68665,8.480593139
L162,1,22.31536915,2.611413479,5,29.7066049,-40.59237,3,-40.27599,2.567340084,-40.85786,8,11.79549069,29.7066049,19.45853537,-2.2955756,0.913764687,8.10084,1.687533333,13.44398157,0.179178778,8.693731119,0.199805817,10.64,0.166299,-0.04009,-0.473867111,-0.039351,66.05250879,8.46665,10.569,19.765,1033.85968,325.8,14.7044,0.166681,16.52661678,-13.12359,669.67704,19.764,6.721990784,3.85,0.473867111,0.77037347,0.025818211,0.14568959,1.575658,-0.00708149,0.928806391,30.16213,18.61411,9.987422661
L163,1,35.1570124,2.546496927,4,29.7066049,-42.47435,2,-42.08094,2.503474407,-41.67233,8,0.0,24.29161443,19.45853537,-2.450380616,0.978578055,8.15493,0.038971143,14.46000714,0.16189629,10.843263,0.200504995,10.913,0.162167,-0.038756,-0.473850189,-0.038737,88.30631476,8.4221,9.838,21.738,1282.13983,412.36,14.5857,0.165687,16.52587964,-13.15724,851.93851,21.739,7.230003572,6.06,0.473850189,0.66125812,0.087914204,0.15772465,1.617459,-0.00551275,0.995968111,31.28944,20.3693,14.28731411
L164,1,22.31536915,2.528731629,4,29.7066049,-42.07173,2,-41.61409,2.507428936,-41.4237,10,11.79549069,24.29161443,19.45853537,-2.403187867,0.914729716,8.12548,0.121037184,13.9062408,0.159807779,10.66698545,0.199782112,10.578,0.128678,-0.058712,-0.473867374,-0.061389,87.59740565,8.27032,11.462,20.959,1179.31475,372.08,14.56741,0.127864,16.52582924,-13.14267,799.86381,20.959,6.953120399,4.63,0.473867374,0.71422924,0.021026099,0.13538153,1.43615,-0.00550854,0.990688221,30.21528,20.2126,9.729222199
L165,1,43.97533103,2.529154013,4,29.7066049,-42.0922,2,-41.61086,2.502257578,-42.18028,6,11.79549069,45.95157631,19.45853537,-2.40318796,1.118368754,8.11327,0.197547463,13.871294,0.159806306,9.386251934,0.199782112,11.59,0.186807,-0.037895,-0.473867374,-0.02351,66.7614179,8.28912,10.379,22.892,1530.65672,618.84,14.53687,0.187843,16.52583289,-13.26109,824.05438,22.889,6.935647002,4.2,0.473867374,0.59008653,0.000378396,0.14761022,2.28387,-0.00783277,0.987575496,28.82961,17.33049,15.5531126
L166,1,22.31536915,2.500711457,4,29.7066049,-40.65275,2,-40.33821,2.491154515,-38.32989,10,11.79549069,24.29161443,19.45853537,-2.358952642,0.890834226,8.00025,0.145322916,13.5412408,0.169897845,9.956742844,0.199222152,9.676,0.128281,-0.059908,-0.473882175,-0.060918,87.59740565,8.52067,10.039,18.952,1120.78249,355.91,14.39041,0.127814,16.52559433,-13.14972,771.81057,18.951,6.770620399,3.59,0.473882175,0.72084265,0.023989062,0.15202965,1.95269,-0.00556219,0.979330302,34.14713,22.81706,9.571414082
L167,1,22.31536915,2.500234532,4,29.7066049,-41.68082,2,-41.25581,2.48450238,-40.59172,8,11.79549069,24.29161443,19.45853537,-2.358952817,0.970501018,8.08426,0.965954838,13.39277825,0.169898148,8.834770173,0.199222152,9.414,0.17034,-0.03802,-0.473882175,-0.037155,77.17941177,8.33244,9.942,17.422,1131.78139,391.89,14.57889,0.168145,16.52557843,-13.15452,699.74616,17.419,6.696389123,8.29,0.473882175,0.69933711,0.001723474,0.13609005,1.359298,-0.00608613,0.925323986,29.23057,19.23672,12.28115634
L168,1,22.31536915,2.500710217,4,41.20562857,-41.72132,2,-41.29721,2.492188635,-41.87147,8,11.79549069,24.29161443,28.93226128,-2.35895264,0.972983243,8.05849,0.085732141,25.09719447,0.16989797,8.746146827,0.199222152,9.576,0.159717,-0.036136,-0.496090333,-0.036524,43.79870282,8.32536,9.274,18.592,1038.54028,330.0,15.08418,0.158977,16.52609737,-13.17543,731.74497,18.591,6.691329678,8.27,0.496090333,0.75931655,0.042221579,0.09894685,1.835145,-0.00896401,0.970760234,26.91482,22.37519,8.857225396
L169,1,22.31536915,2.499760927,4,29.7066049,-41.66761,2,-41.24791,2.480650648,-41.71293,8,11.79549069,24.29161443,19.45853537,-2.358952431,0.960600501,8.10262,0.597761449,13.31898157,0.169898202,8.285660474,0.199222152,10.747,0.166172,-0.040268,-0.473882175,-0.040284,66.05250879,8.29972,9.918,20.07,1034.06406,347.77,14.59283,0.165166,16.52557259,-13.12378,671.69292,20.068,6.659490784,6.71,0.473882175,0.72637509,0.006967378,0.13142184,1.557768,-0.00617347,0.933748953,29.34431,18.47172,9.58510942
L170,1,22.31536915,2.500126127,4,29.7066049,-41.67021,2,-41.26623,2.48375465,-41.81476,6,11.79549069,24.29161443,19.45853537,-2.358952683,0.942652316,8.1551,0.260959767,13.39324775,0.169897871,8.539957711,0.199222152,10.146,0.184539,-0.037735,-0.473882175,-0.027853,66.7614179,8.43978,9.512,20.181,1153.40193,408.06,14.57419,0.184479,16.5255827,-13.1256,723.76763,20.179,6.696623873,2.99,0.473882175,0.71212455,0.01077606,0.14347644,2.047927,-0.00826483,0.994529864,28.87243,17.89048,14.34070902
L171,1,22.31536915,2.500440045,4,29.7066049,-41.69604,2,-41.24776,2.487298273,-41.7485,12,11.79549069,24.29161443,19.45853537,-2.358952547,0.874529224,8.09923,0.622550199,13.50457026,0.169897686,9.917569121,0.199222152,10.627,0.164093,-0.040686,-0.473882175,-0.040629,87.59740565,8.45023,10.983,19.857,1132.2681,377.51,14.61771,0.164102,16.5255942,-13.11588,771.81057,19.854,6.752285129,3.56,0.473882175,0.72038998,0.019040877,0.14213988,1.57048,-0.0073595,0.934271196,29.5115,18.66836,9.514125848
L2,1,35.1570124,2.543433144,4,29.7066049,-41.92784,2,-41.46053,2.485814624,-42.05832,6,0.0,24.29161443,19.45853537,-2.450375955,1.284807248,8.05051,1.189726859,13.7419624,0.16189409,7.010200267,0.200504992,8.203,0.220486,-0.042409,-0.473850192,-0.005786,33.38070895,8.44973,8.103,15.683,874.93558,294.32,14.798,0.212548,16.52581703,-13.12681,571.57527,15.813,6.870981198,8.71,0.473850192,0.71063789,0.017917098,0.10619146,1.452927,-0.00023371,0.955930757,29.07158,19.51188,7.055825323
L8,1,43.97533103,2.501195214,4,29.7066049,-41.52638,2,-41.04151,2.484284747,-41.532,6,11.79549069,45.95157631,19.45853537,-2.358952773,1.083098082,8.18314,0.100249688,13.506294,0.169896523,8.676009331,0.199222152,10.523,0.188677,-0.036982,-0.473882175,-0.02216,66.7614179,8.45619,12.426,20.321,1477.85459,599.08,14.73128,0.190784,16.52559794,-13.26352,796.00115,20.32,6.753147002,4.07,0.473882175,0.62157129,0.002584567,0.150773,2.278463,-0.00859341,0.965551649,28.8894,17.70549,15.38849033
L9,1,43.97533103,2.612052234,5,29.7066049,-40.43152,3,-39.98139,2.568582842,-40.53821,6,11.79549069,51.36656678,19.45853537,-2.29557659,1.008030562,8.14109,0.100591998,13.631294,0.179176749,9.084079977,0.199805817,9.814,0.187935,-0.036403,-0.473867111,-0.02277,66.7614179,8.39557,13.36,19.417,1556.50708,561.82,14.81929,0.188722,16.52664244,-13.15085,793.98527,19.422,6.815647002,4.6,0.473867111,0.65256816,0.015692943,0.17944099,1.604806,-0.0085668,0.989250051,30.31763,18.63578,15.8516392
L93,1,22.31536915,2.568940092,5,29.7066049,-41.37147,3,-40.94282,2.53025468,-41.25377,6,11.79549069,29.7066049,19.45853537,-2.463894241,1.248875093,8.10307,0.245153013,12.93664777,0.134808736,5.714663017,0.199804125,8.211,0.227808,-0.040509,-0.473867123,-0.004556,28.67462759,8.32653,7.9,15.743,722.2136,235.56,14.76082,0.230348,16.52595909,-13.20211,431.39365,15.741,6.468323885,8.71,0.473867123,0.83825914,0.144355327,0.08741266,1.221011,-0.0012672,0.958653026,29.23819,17.9101,5.194143202
L94,1,22.31536915,2.550941314,5,29.7066049,-40.49589,3,-40.18786,2.515121054,-41.81498,6,11.79549069,29.7066049,19.45853537,-2.389174903,1.269975034,7.96149,0.426790347,13.09664777,0.16366771,6.162886322,0.199804112,8.092,0.225912,-0.041171,-0.473867123,-0.004416,35.09544921,8.3554,7.87,15.695,709.3447,244.1,14.75434,0.230525,16.52582274,-13.19814,445.42027,15.7,6.548323885,6.77,0.473867123,0.79481221,0.139725698,0.0928663,1.24783,-0.00124652,0.969784973,29.244,18.13647,5.178376479
L96,1,35.1570124,2.564213883,5,29.7066049,-41.55819,3,-41.1709,2.50639952,-41.60585,7,0.0,24.29161443,19.45853537,-2.421296394,1.236820348,8.14917,1.707547584,13.35909675,0.164445988,6.674200144,0.200505366,8.233,0.226126,-0.040351,-0.47385019,-0.004442,33.38070895,8.29167,7.779,15.793,783.8636,260.61,14.74116,0.225221,16.52584409,-13.19351,493.46321,15.789,6.679548375,4.29,0.47385019,0.75460179,0.082422221,0.09314759,1.372254,-0.00049214,0.9591279,29.25817,18.60416,7.600218042
L97,1,28.73619078,2.51851882,4,29.7066049,-42.11295,2,-41.695,2.472360942,-41.44242,6,11.79549069,24.29161443,19.45853537,-2.405799856,1.290910358,8.08521,3.159434285,13.19680508,0.166174559,5.984267854,0.199862951,8.214,0.226259,-0.037455,-0.473866202,-0.007533,27.81725746,8.34663,8.451,16.121,782.40203,246.73,14.78468,0.224748,16.52566638,-13.19504,495.47909,16.118,6.598402542,7.69,0.473866202,0.79911392,0.063451027,0.10353037,1.462513,-0.00252854,0.981312393,29.62494,19.04903,5.965763977
L99,1,22.31536915,2.538836855,5,29.7066049,-41.60006,3,-41.28823,2.502973901,-42.06002,6,11.79549069,29.7066049,19.45853537,-2.409707776,1.287352881,7.99141,0.54760273,13.31886999,0.157481288,6.516439713,0.199804112,8.127,0.225962,-0.040253,-0.473867123,-0.009772,47.93709246,8.47501,7.105,15.697,715.3027,276.86,14.57956,0.223644,16.52578809,-13.2025,473.4735,15.701,6.659434996,5.35,0.473867123,0.76912873,0.132922977,0.08331582,1.489565,-0.00050602,0.965731512,28.74999,18.33868,5.165773598
