No,yield20,,SampleName,ODI_HOMO_1,ODI_HOMO,ODI_LUMO,ODI_LUMO_Add1,ODI_Mean,ODI_Std,AtomNum,Weight,HOMO,HOMO_number,LUMO,HOMO_LUMO_Gap,Farthest_Distance,Mol_Radius,Mol_Size_Short,Mol_Size_2,Mol_Size_L,Length_Ratio,Len_Div_Diameter,MPP,SDP,Dipole_Moment,Quadrupole_Moment,Octopole_Moment,Volume,Density,ESPmin,ESPmax,Overall_Surface_Area,Pos_Surface_Area,Neg_Surface_Area,Overall_Average,Pos_Average,Neg_Average,Overall_Variance,Nu,Pi,MPI,Nonpolar_Area,Polar_Area,ALIEmin,ALIEmax,ALIE_Ave,ALIE_Var,LEAmin,LEAmax,LEA_Ave,LEA_Var
L1,1,1.00 ,CoH2L1,25.38,25.89,5.53,4.98,15.445,10.1934501,50,417.36703,-0.22562,567,-0.037755,0.187865,38,8.156,8.119,9.248,15.643,0.473886701,0.958987249,1.338913,5.80196,12.316146,38.089882,162.6755,3169.34501,1.4757,-73.06088,30.18673,1437.23214,834.59282,602.63932,-0.00228204,0.02612412,-0.04162162,0.00131719,0.10341862,0.03302714,0.88769815,98.94,303.52,6.33778,15.25474,0.40149448,0.00466717,-40.26798,-11.61956,-0.7509282,0.038454
L2,1,2.00 ,CoH2L2,6.73,26.06,6.77,5.18,11.185,8.611981479,72,571.57527,-0.226724,796,-0.042409,0.184315,63,8.203,8.522,13.944,15.683,0.411098587,0.955930757,1.460496,6.149468,11.46084,53.727041,432.4672,4483.83394,1.4285,-70.018,29.07158,1824.90738,1103.39393,721.51345,-0.00023371,0.02140297,-0.03332218,0.00111489,0.10619146,0.02616499,0.71063789,179.48,331.55,6.38601,15.12679,0.39890054,0.00365218,-41.46053,-12.14361,-0.7590688,0.033798
L3,1,3.00 ,CoH2L3,4.2,25.15,3.58,4.01,9.235,9.191274395,116,835.98057,-0.211386,1196,-0.037811,0.173575,100,11.019,12.487,13.503,21.761,0.455718205,0.987430801,2.239699,10.358795,10.058113,31.544873,842.8159,6968.4067,1.3443,-74.9745,30.25785,2723.28183,1279.91751,1443.36432,-0.00556771,0.01815955,-0.0266081,0.0009407,0.15586752,0.02292469,0.61599384,380.28,382.32,6.27569,15.10981,0.39618107,0.00252633,-42.11754,-12.08933,-0.7550265,0.034668
L4,1,4.00 ,CoH2L4,7.96,25.69,3.94,4.13,10.43,8.955146565,140,948.19351,-0.211613,1372,-0.036963,0.17465,114,12.015,12.581,14.2,23.943,0.472025077,0.996379526,2.018246,10.381236,9.804665,16.527647,737.1298,8169.23614,1.3007,-73.91364,29.19607,3214.38748,1434.93244,1779.45504,-0.00761521,0.01652782,-0.02708387,0.00093014,0.14347811,0.02278984,0.60876085,461.91,438.21,6.22528,15.0733,0.39438666,0.00222344,-42.0797,-11.95027,-0.739795,0.032309
,,5.00 ,CoH2L5,25.49,26.24,5.79,5.54,15.765,10.10386683,52,419.38291,-0.226433,572,-0.038102,0.188331,45,8.184,8.234,8.921,15.698,0.477825465,0.959066471,1.399248,5.940488,11.525099,39.134599,157.4859,3250.85603,1.4456,-71.45563,29.33532,1469.00231,882.40236,586.59995,-0.00173542,0.02387093,-0.04025419,0.00123996,0.09297848,0.03078337,0.82758179,106.76,304.6,6.36979,15.22421,0.39932383,0.00431879,-41.22635,-11.62029,-0.7418311,0.036809
L6,1,6.00 ,CoH2L6,5.26,24.97,3.8,3.86,9.4725,8.966536051,104,779.8741,-0.213226,1108,-0.037886,0.17534,85,10.594,11.718,11.766,21.166,0.474042553,0.998961676,2.226068,9.529561,10.133493,39.024212,715.287,6385.56928,1.3686,-74.31664,30.56822,2499.69713,1221.08246,1278.61467,-0.00578124,0.01873606,-0.02919537,0.00093099,0.15729211,0.02454103,0.65541555,314.01,385.98,6.29089,15.12406,0.39807958,0.00269641,-42.09968,-12.12721,-0.7618036,0.037415
L7,1,7.00 ,CoH2L7,9.04,24.62,5.98,5.42,11.265,7.832654403,110,807.92733,-0.21857,1152,-0.042307,0.176263,91,9.779,10.487,17.446,18.458,0.397878899,0.94375703,1.971155,8.007317,11.404699,38.756833,497.6955,6670.30895,1.3573,-70.50451,29.90493,2691.28974,1296.63292,1394.65681,-0.00351155,0.01911686,-0.02454952,0.00081153,0.16143612,0.02202987,0.59680344,357.85,395.79,6.40334,15.15897,0.40030088,0.0024642,-41.40155,-12.35424,-0.761183,0.034583
L8,1,8.00 ,CoH2L8,4.14,25.81,3.51,3.63,9.2725,9.550859582,120,796.00115,-0.21123,1148,-0.036982,0.174248,94,10.523,10.532,15.548,20.321,0.437943148,0.965551649,1.913378,8.142809,10.178024,38.830927,639.6024,6923.45224,1.2884,-70.67627,28.8894,2971.07824,1128.28662,1842.79162,-0.00859341,0.01876058,-0.02534146,0.00090607,0.150773,0.02248183,0.62157129,412.71,419.28,6.29367,15.12684,0.39547087,0.00233051,-41.04151,-12.20407,-0.7348177,0.035022
L9,1,9.00 ,CoH2L9,7.74,24.99,7.17,6.81,11.6775,7.693124772,118,793.98527,-0.209793,1143,-0.036403,0.17339,74,9.814,10.728,16.281,19.417,0.418235472,0.989250051,1.859129,8.230605,10.980042,54.049562,622.764,6851.55191,1.2986,-70.77814,30.31763,2868.12071,1077.48721,1790.63349,-0.0085668,0.02051581,-0.02606683,0.00089692,0.17944099,0.02342923,0.65256816,379.65,423.51,6.2645,15.05817,0.3973521,0.00236984,-39.98139,-12.39354,-0.7434328,0.035405
L10,1,10.00 ,CoH2L10,8.13,24.97,5.58,5.48,11.04,8.112308549,82,625.66586,-0.21278,879,-0.037941,0.174839,65,10.241,10.494,13.976,19.928,0.448849047,0.97295186,1.896311,8.030237,11.419366,24.479012,618.1806,5060.26809,1.3855,-72.51299,29.4222,2273.124,1015.42862,1257.69539,-0.00780714,0.02193852,-0.03182297,0.00096261,0.15826366,0.0275218,0.74579546,236.51,400.03,6.32461,15.22816,0.39960635,0.00313475,-40.22333,-11.85213,-0.7659563,0.042575
L11,1,11.00 ,CoH2L11,8.15,25.02,6.92,6.96,11.7625,7.670157674,70,569.55939,-0.216712,791,-0.03862,0.178092,67,9.096,9.734,12.805,17.458,0.436482736,0.959652595,1.799905,7.382067,12.346337,26.29755,555.8422,4441.0327,1.4371,-71.37325,30.24894,1980.96713,968.87212,1012.09501,-0.00628665,0.02428395,-0.03555169,0.00095486,0.15274835,0.03024795,0.81745023,165.46,389.27,6.3521,15.26163,0.39951076,0.00364811,-40.26023,-11.71161,-0.7840877,0.040963
L12,1,12.00 ,CoH2L12,10.2,24.27,5.03,4.15,10.9125,8.050864472,88,653.71909,-0.219215,923,-0.03769,0.181525,63,9.22,10.029,13.95,17.218,0.417943054,0.93373102,2.061511,7.739318,12.285686,33.773783,383.6632,5359.75544,1.3668,-72.95277,30.41226,2346.11048,967.74603,1378.36445,-0.00629001,0.02335777,-0.02710565,0.00092284,0.17451787,0.02517786,0.69551446,272.45,384.52,6.37825,15.26186,0.40220475,0.00280497,-40.1827,-11.77512,-0.7533097,0.036906
L13,1,13.00 ,CoH2L13,25.83,25.94,8.1,5.83,16.425,9.494062618,58,447.43615,-0.226366,616,-0.043013,0.183353,51,7.936,8.63,10.999,15.5,0.441230892,0.9765625,1.563497,6.30627,11.576231,42.570718,124.9281,3536.40297,1.4178,-72.55921,30.08623,1562.10169,960.90331,601.19838,-0.00095545,0.02225473,-0.03805259,0.00124214,0.09668024,0.02856229,0.77102835,139.57,297.87,6.37643,15.16437,0.39957907,0.00391045,-40.30985,-11.73065,-0.740963,0.034017
L14,0,14.00 ,CoH2L14,23.31,28.3,13.58,6.77,17.99,8.365629086,41,353.28159,-0.233477,472,-0.08209,0.151387,32,7.943,7.544,7.856,15.57,0.502744592,0.980108271,1.361215,5.4597,10.630285,41.266167,210.7985,2728.93123,1.4507,-70.84527,37.05634,1315.82794,786.08343,529.74451,-0.00261607,0.02639453,-0.04566466,0.00164427,0.13955782,0.03472946,0.92933868,121.11,247.36,6.5075,15.21482,0.39832313,0.00580337,-39.65159,-10.25538,-0.7415815,0.049079
L15,0,15.00 ,CoH2L15,27.59,26.92,13.94,7.22,18.9175,8.672647736,53,365.37688,-0.231505,502,-0.079013,0.152492,49,8.181,6.322,8.842,16.349,0.518801764,0.999205476,0.946703,4.015365,10.227515,38.150027,137.0075,3031.10269,1.3508,-66.16118,35.49889,1364.62859,846.0114,518.61719,-9.47E-05,0.02347904,-0.03855016,0.00143938,0.14596754,0.02922953,0.79475494,153.33,228.8,6.51816,14.9854,0.39690582,0.00423967,-39.617,-11.00713,-0.6959392,0.037862
L16,0,16.00 ,CoH2L16,8.13,22.96,12.16,6.64,12.4725,6.382802578,59,367.43912,-0.210942,516,-0.053565,0.157377,44,6.924,8.832,10.779,13.845,0.413827116,0.999783362,1.329857,6.392084,16.559113,34.749996,198.6568,3309.60795,1.2441,-77.2302,36.31795,1453.49975,967.75662,485.74313,0.002479,0.02958012,-0.05151514,0.00179117,0.11132948,0.03613808,1.00438726,97.59,309.43,6.31098,13.62843,0.39414639,0.00338667,-33.33324,-11.51064,-0.6558289,0.015209
L17,0,17.00 ,CoH2L17,6.96,22.83,10.49,6.97,11.8125,6.521711336,61,435.47177,-0.210056,608,-0.069495,0.140561,55,6.915,9.582,12.541,12.719,0.365047931,0.91966739,1.414094,7.198466,16.507265,45.538845,507.6119,3656.00681,1.3347,-76.71451,34.83491,1551.67985,1056.35859,495.32126,0.00247469,0.02625183,-0.04823421,0.00174233,0.09960188,0.03244514,0.90529448,123.31,311.2,6.34473,14.58247,0.39671668,0.00360166,-33.6834,-11.06544,-0.6935908,0.024715
L18,0,18.00 ,CoH2L18,6.42,21.9,10.53,6.47,11.33,6.326385224,67,463.52501,-0.207391,652,-0.068152,0.139239,59,7.402,9.838,13.627,13.707,0.368745292,0.925898406,1.616138,7.51561,17.587405,51.143491,650.2364,3975.26965,1.3066,-78.52963,33.31571,1701.44988,1216.28803,485.16185,0.00406092,0.02531041,-0.04921102,0.00188988,0.08315451,0.03059634,0.87418148,133.05,343.41,6.32492,14.27735,0.39650178,0.00336713,-34.62226,-11.0701,-0.6844189,0.02504
L19,0,19.00 ,CoH2L19,5.32,18.42,10.63,7.29,10.415,4.99627111,69,495.52382,-0.20165,688,-0.06359,0.13806,61,7.734,9.635,14.048,14.143,0.373896262,0.914339281,1.711104,7.141401,18.783778,61.288459,853.4141,4114.70358,1.3495,-79.89196,37.01251,1781.28718,1251.11448,530.1727,0.0042087,0.02612935,-0.04752018,0.00200806,0.09902632,0.03101413,0.88426124,163.91,334.9,6.32476,15.16565,0.39921196,0.00391252,-37.68089,-10.97567,-0.7109249,0.037522
L20,1,20.00 ,CoH2L20,4.26,21.6,8.64,3.9,9.6,7.175081881,81,587.66413,-0.206577,832,-0.067197,0.13938,74,8.732,10.396,13.756,15.469,0.39042427,0.885765002,1.881754,7.204921,16.821138,85.328314,1400.4075,4939.88451,1.3331,-77.66953,35.9073,2067.8415,1488.8733,578.9682,0.00527496,0.02321209,-0.04085212,0.00185801,0.08442916,0.02623311,0.76602949,216.75,362.3,6.36097,14.59133,0.39486388,0.00345413,-35.12553,-10.76213,-0.7366435,0.035869
L21,0,21.00 ,CoH2L21,6.51,23.61,9.07,6.05,11.31,7.194011398,67,571.46778,-0.215297,748,-0.074028,0.141269,58,7.342,8.898,13.46,14.044,0.385802978,0.956415146,1.570929,6.903339,10.126106,100.34822,811.5764,4118.10218,1.555,-71.00436,45.67807,1761.3048,1220.84998,540.45482,0.00892792,0.02946909,-0.03747315,0.00176325,0.1505835,0.02932422,0.86872689,167.4,325.81,6.42599,16.33796,0.42177355,0.00616611,-43.18597,-10.94446,-0.8228803,0.093275
L22,0,22.00 ,CoH2L22,5.94,21,10.23,6.28,10.8625,6.090962055,67,463.52501,-0.207856,652,-0.067311,0.140545,49,7.19,9.797,13.464,14.096,0.377332227,0.980250348,1.5295,7.207901,17.158477,53.734153,569.0252,3982.90354,1.3041,-77.76368,36.59225,1702.4448,1213.29354,489.15126,0.00426935,0.02608817,-0.04985018,0.00180029,0.09096407,0.03127292,0.89567734,134.13,342.6,6.35919,13.85154,0.39537336,0.00335411,-35.38659,-11.17433,-0.6864214,0.026544
L23,1,23.00 ,CoH2L23,6.52,22.09,10.35,6.48,11.36,6.391263568,79,519.63148,-0.208599,740,-0.065332,0.143267,70,7.702,10.499,12.351,14.707,0.391591448,0.954752012,1.861617,7.868857,17.190839,68.732906,786.8061,4588.30802,1.2691,-78.13655,37.18145,1833.23291,1359.31347,473.91943,0.00465949,0.02395364,-0.05068072,0.00177946,0.07178879,0.02879107,0.83982511,136.53,376.83,6.35011,14.56846,0.39515897,0.00324603,-36.19083,-11.03567,-0.6858587,0.023257
L25,0,24.00 ,CoH2L24,6.09,22.25,10.48,6.37,11.2975,6.557893621,73,491.57824,-0.206332,696,-0.066965,0.139367,58,8.091,9.974,13.139,16.105,0.410653271,0.995241626,1.566756,7.587617,17.537282,49.31991,642.9771,4287.83407,1.2847,-80.3596,33.63518,1877.13304,1330.24335,546.88968,0.00394744,0.02417268,-0.04524802,0.0019152,0.08161833,0.02883207,0.82485413,176.04,349.61,6.33349,14.45527,0.39556276,0.00327154,-34.57676,-10.73278,-0.6820453,0.024835
L26,0,25.00 ,CoH2L25,5.96,21.2,10.23,6.16,10.8875,6.192928931,85,547.68471,-0.206886,784,-0.066626,0.14026,78,8.42,9.165,14.583,14.911,0.385705786,0.885451306,1.54416,6.801217,17.304371,60.006859,719.0016,4902.74352,1.2518,-77.35379,33.89491,2068.65379,1457.33738,611.3164,0.00440291,0.02406064,-0.0424598,0.00164077,0.07902784,0.02786164,0.80267731,172.29,406.99,6.34942,13.96829,0.39497499,0.00287841,-36.50044,-11.09868,-0.6788242,0.022446
L27,0,26.00 ,CoH2L26,5.89,22.47,10.37,6.23,11.24,6.719233587,91,575.73795,-0.206702,828,-0.067613,0.139089,83,8.389,11.891,14.614,16.165,0.378837591,0.96346406,2.072219,9.494425,17.051652,65.856216,721.6144,5193.84527,1.2422,-79.02873,37.40166,2157.15419,1535.32406,621.83013,0.00466231,0.02255692,-0.03952021,0.00183629,0.07641481,0.02567411,0.74686612,229.11,374.95,6.32593,14.26324,0.3943942,0.00279466,-36.35098,-10.93986,-0.6806228,0.02172
L28,0,27.00 ,CoH2L27,20.3,28.19,10.81,17.63,19.2325,6.222597428,32,298.20624,-0.235554,391,-0.090001,0.145553,24,6.551,7.075,8.399,13.038,0.457281145,0.99511525,1.156432,4.627327,10.445922,50.362795,463.2322,2199.09514,1.5196,-66.12926,43.89965,1069.28355,626.66089,442.62266,-0.00016324,0.03027507,-0.04325749,0.00147851,0.15686966,0.0356773,0.97006017,80.56,218.87,6.5669,15.37125,0.39640184,0.00609412,-40.19256,-10.27653,-0.7464596,0.052893
L29,0,28.00 ,CoH2L28,20.01,26.05,9.97,12.78,17.2025,6.285456925,57,431.43674,-0.229438,598,-0.079973,0.149465,47,8.325,8.589,10.516,16.084,0.457074654,0.966006006,1.528527,5.955516,11.385295,33.257333,354.8185,3553.61361,1.3605,-68.75926,37.01493,1574.68711,872.30994,702.37717,-0.00406696,0.0219646,-0.03639658,0.00128788,0.14875577,0.02901445,0.77285421,175.06,265.9,6.43682,14.84914,0.39692025,0.00372254,-39.64707,-11.41326,-0.7382656,0.034015
,,29.00 ,CoH2L29,20,26.53,9.89,12.86,17.32,6.463416279,58,465.45307,-0.229316,644,-0.081448,0.147868,51,9.881,8.518,10.799,19.561,0.503138022,0.989828965,1.48312,5.847835,11.530608,32.475977,361.3234,3760.6478,1.3869,-69.55728,37.48942,1711.29088,959.23069,752.06019,-0.00295813,0.0216391,-0.03433117,0.00126629,0.13516264,0.02767091,0.74060884,190.29,288.92,6.44176,14.59211,0.39653373,0.0039902,-39.49602,-11.23928,-0.7545233,0.037598
L30,0,30.00 ,CoH2L30,19.73,26.59,9.8,12.92,17.26,6.473735398,65,527.52263,-0.229977,734,-0.082978,0.146999,59,9.202,9.395,10.934,18.178,0.472070013,0.987720061,1.741225,6.948129,11.686963,40.810672,296.8521,4237.69062,1.3949,-71.66458,37.83613,1877.69986,1018.61972,859.08013,-0.00435238,0.02125733,-0.03471807,0.00128456,0.14059768,0.02800749,0.74602337,212.67,313.14,6.44655,14.67309,0.39650552,0.00373062,-40.82843,-11.296,-0.7582073,0.036271
L31,0,31.00 ,CoH2L31,24.74,27.56,9.62,13.52,18.86,7.485946834,42,339.29807,-0.229703,459,-0.078391,0.151312,34,7.707,7.779,8.693,15.343,0.482256797,0.995393798,1.121981,5.495522,11.864561,43.443403,208.1803,2683.47787,1.4169,-73.17868,37.02616,1261.37615,814.12695,447.2492,-0.00203128,0.02463135,-0.05056522,0.00167858,0.10997435,0.03444853,0.92047364,114.39,238.83,6.44042,15.16569,0.3950209,0.00498527,-39.58179,-10.60793,-0.7188255,0.039346
L32,0,32.00 ,CoH2L32,18.96,27.22,10.25,9.46,16.4725,7.238630309,32,285.20748,-0.231359,376,-0.080403,0.150956,27,6.787,5.18,9.388,13.457,0.480178412,0.991380581,0.693872,2.819667,11.757697,41.166562,308.3352,2168.03825,1.4741,-70.73708,38.83066,1046.96966,613.86463,433.10503,-0.00254318,0.03067832,-0.04962991,0.00161457,0.14684891,0.03900065,1.04813122,69.36,223.82,6.45557,15.50608,0.39665165,0.00616058,-39.21308,-10.33332,-0.7314684,0.04491
L33,0,33.00 ,CoH2L33,25.1,27.66,8.51,9.49,17.69,8.743874999,39,347.27704,-0.230963,466,-0.092274,0.138689,33,7.419,7.422,8.57,14.725,0.479376241,0.992384418,1.109851,5.078077,12.245897,45.33688,359.8933,2625.43746,1.4822,-69.24485,39.10845,1231.01152,728.24174,502.76977,-0.00186018,0.02682004,-0.04340231,0.00155973,0.13104153,0.03396437,0.91410036,107.11,237.61,6.49836,15.31346,0.39468161,0.00505117,-39.93488,-10.50994,-0.7611257,0.046557
L34,1,34.00 ,CoH2L34,23.92,25.61,10.01,13.72,18.315,6.609086548,62,447.47924,-0.228695,625,-0.0781,0.150595,55,7.877,9.595,10.423,15.076,0.429589104,0.956963311,1.665322,7.145337,11.798848,33.039536,204.2002,3676.69409,1.3638,-67.56299,36.88486,1610.5437,811.59163,798.95207,-0.00285651,0.02344,-0.02956904,0.00113939,0.17125178,0.02660074,0.72057022,202.19,248.81,6.38413,15.26885,0.39722955,0.00344863,-39.95577,-11.6989,-0.7231976,0.031041
L35,0,35.00 ,CoH2L35,18.68,27.05,7.81,6.23,14.9425,8.475563034,65,535.50324,-0.22958,736,-0.086237,0.143343,55,10.916,6.854,13.126,21.536,0.518739763,0.98644192,0.966396,4.51494,9.458542,53.174499,374.9335,4196.83516,1.4298,-69.22033,52.39064,1920.28293,1021.87858,898.40435,-0.00547794,0.02108718,-0.03569409,0.00135281,0.18817944,0.02862971,0.75976961,242.71,295.03,6.37765,14.91407,0.3997085,0.00355197,-35.56589,-12.45955,-0.7726845,0.03808
L36,0,36.00 ,CoH2L36,21.38,26.04,8.84,8.45,16.1775,7.711810342,40,328.27536,-0.214331,440,-0.080474,0.133857,35,7.32,5.395,10.341,14.598,0.481242171,0.997131148,0.605764,2.995407,11.588963,49.721245,251.9432,2564.30723,1.4345,-74.57895,46.38821,1182.41328,698.81675,483.59653,-0.00462547,0.02759725,-0.05118862,0.00191334,0.13661848,0.03829039,1.01351273,99.15,231.96,6.22278,14.60092,0.39863808,0.00493829,-39.49881,-11.76772,-0.7365728,0.039859
L37,0,37.00 ,CoH2L37,13.48,25.29,6.41,6.61,12.9475,7.673390304,71,585.52131,-0.230302,793,-0.055632,0.17467,65,7.944,11.581,12.288,15.396,0.392104928,0.969033233,2.184583,9.118506,9.87933,28.051375,386.7287,4775.22598,1.374,-64.94554,21.22435,1938.76139,1047.98743,890.77396,-0.00413307,0.01622312,-0.02808194,0.00080047,0.0882463,0.0222579,0.58971737,244.56,298.35,6.49117,13.80196,0.39747681,0.00300106,-32.1219,-11.75452,-0.7439473,0.026249
,,38.00 ,CoH2L38,53.24,21.93,24.52,31.7,32.8475,12.30558689,90,615.49821,-0.197356,831,-0.0437,0.153656,69,7.273,10.45,13.323,13.963,0.37001802,0.959920253,1.91634,8.157106,10.188913,36.00576,279.1356,5000.69444,1.3792,-68.25762,27.14237,1792.36462,1215.66008,576.70455,0.00119507,0.01638453,-0.03082342,0.0010317,0.08168945,0.02062816,0.57226437,247.86,254.06,6.27114,13.70948,0.39888799,0.00213652,-28.42518,-11.49575,-0.7040193,0.014379
,,39.00 ,CoH2L39,38.1,21.81,10.09,10,20,11.50102387,78,603.40292,-0.198761,801,-0.050833,0.147928,75,7.374,9.539,12.269,14.04,0.391653649,0.951993491,1.789557,6.921354,10.421512,40.083244,368.5011,4685.93974,1.443,-70.04225,28.83732,1722.49723,1071.05616,651.44107,-0.00110832,0.01805039,-0.03260781,0.00109721,0.07783363,0.02383986,0.64098989,209.66,272.69,6.33951,13.76014,0.39868916,0.00281319,-31.79535,-11.33979,-0.7240079,0.019346
L40,0,40.00 ,CoH2L40,12.95,26.94,4.68,4.46,12.2575,9.141592791,55,459.36631,-0.232292,608,-0.057783,0.174509,44,8.015,8.218,12.307,16.004,0.43811766,0.998378041,1.427233,6.094512,12.05576,32.256592,494.8801,3716.94769,1.3849,-67.50023,40.3909,1567.50084,907.40042,660.10043,-0.00080247,0.02179476,-0.03186553,0.00118017,0.12633817,0.02617004,0.70846808,178.28,260.67,6.49572,13.81389,0.39264455,0.00367102,-32.25709,-10.47298,-0.7273015,0.029135
L41,0,41.00 ,CoH2L41,16.26,24.8,11.77,11.61,16.11,5.353134596,49,343.29072,-0.233454,448,-0.056654,0.1768,44,6.172,8.44,10.232,12.021,0.39165282,0.973833441,1.517946,6.080089,12.025396,33.536202,213.6925,2983.79424,1.2893,-71.13563,34.67463,1236.45918,873.12868,363.3305,0.00193535,0.02205437,-0.04641318,0.00150201,0.09136967,0.02844128,0.79490299,115.79,230.46,6.43299,13.88811,0.3920333,0.00342198,-31.89517,-10.55442,-0.6624842,0.01715
L42,0,42.00 ,CoH2L42,13.05,23.59,3.25,3.59,10.87,8.330870303,75,567.54749,-0.225741,774,-0.056321,0.16942,58,7.607,8.768,12.708,14.863,0.409009604,0.976929144,1.557164,6.381227,11.214553,16.434997,124.9663,4751.16885,1.3386,-71.22477,34.75425,1867.84394,1068.19024,799.6537,-0.0015756,0.02107946,-0.03183861,0.00112586,0.13011426,0.02594225,0.69894135,203.53,319.52,6.40087,13.60442,0.3930518,0.00287919,-32.88176,-11.4772,-0.7177714,0.026282
,,43.00 ,CoH2L43,13.03,24.53,9.72,8.24,13.88,6.388665745,63,542.29704,-0.212652,713,-0.05608,0.156572,55,7.443,10.117,12.838,14.541,0.387801365,0.976823861,1.73524,7.825912,11.299086,44.923781,419.1445,4024.27263,1.5101,-71.64002,30.2834,1665.30493,1017.67759,647.62733,-0.00168844,0.01933993,-0.03473228,0.00139362,0.10111991,0.02574333,0.6891535,211.52,254.81,6.37599,14.52906,0.40039342,0.00367633,-38.46311,-10.64049,-0.7216336,0.025078
,,44.00 ,CoH2L44,14.66,22.99,10.54,8.57,14.19,5.535517139,66,556.32365,-0.212186,735,-0.053759,0.158427,54,7.661,10.126,13.242,15.145,0.39324384,0.988447983,1.759211,7.532285,10.429934,40.27488,361.2546,4157.78794,1.4994,-67.71459,29.07481,1693.88414,990.76498,703.11916,-0.00235422,0.01868332,-0.03199821,0.00109308,0.10442579,0.02469022,0.65879398,204.17,270.16,6.3256,14.23692,0.40103622,0.00317262,-37.81167,-11.35625,-0.7270217,0.024115
,,45.00 ,CoH2L45,28.04,23.98,10.86,7.48,17.59,8.62466811,67,590.33998,-0.212029,781,-0.05483,0.157199,62,9.171,9.778,13.345,18.222,0.440730439,0.993457638,1.685368,7.100399,10.775907,38.330671,329.4796,4372.53912,1.5129,-69.31359,29.66327,1842.56365,1046.71687,795.84678,-0.00182728,0.01896775,-0.0291774,0.00096453,0.10343138,0.02367168,0.63613518,213.61,302.36,6.4081,14.71338,0.40019889,0.00341789,-39.27856,-11.44394,-0.7448921,0.028936
,,46.00 ,CoH2L46,27.06,25.37,10.86,7.33,17.655,8.671114404,64,576.31336,-0.211567,759,-0.053745,0.157822,60,7.716,9.272,11.507,14.359,0.40864591,0.930469155,1.592984,6.632955,11.064548,41.357231,459.6066,4220.03942,1.5303,-73.62653,29.11299,1700.93482,1028.56107,672.37375,-0.00199143,0.01927904,-0.03452983,0.0012818,0.08455787,0.02577089,0.68865544,199.04,277.27,6.32679,15.10493,0.40147652,0.00367763,-40.22367,-11.17029,-0.7415211,0.027739
,,47.00 ,CoH2L47,55.42,26.36,10.22,8.96,25.24,18.72648926,60,502.27616,-0.202538,661,-0.043027,0.159511,29,6.758,9.516,12.965,13.496,0.375128554,0.998520272,1.73627,7.441805,10.544549,40.732952,374.6675,3768.0216,1.4937,-67.62805,29.4436,1489.94466,936.65568,553.28897,-0.00018258,0.01983902,-0.03407689,0.0011937,0.09070082,0.02517374,0.68371966,167.34,249.88,6.36386,13.9082,0.39727955,0.00359158,-31.93546,-10.48998,-0.7161718,0.022873
L48,0,48.00 ,CoH2L48,12.91,24.27,7.76,6.89,12.9575,6.92465658,63,498.46263,-0.224553,679,-0.073655,0.150898,48,7.604,11.651,12.184,14.673,0.381037706,0.964821147,1.955938,8.763477,11.36631,41.377744,410.7673,4004.59369,1.3948,-71.20225,29.85226,1711.4726,1015.97969,695.49291,-0.00305576,0.01779618,-0.03351637,0.00129753,0.09630536,0.02491615,0.65809134,232.94,246.32,6.38113,14.50073,0.39653392,0.00338592,-39.93475,-11.64181,-0.7458641,0.034096
L49,0,49.00 ,CoH2L49,11.25,25.53,10.27,9.86,14.2275,6.545014801,59,441.41286,-0.219499,597,-0.046881,0.172618,54,7.434,8.569,12.476,14.787,0.41267582,0.994552058,1.524545,6.282862,10.489147,41.121146,288.0312,3610.36177,1.3701,-71.08105,29.85414,1524.07739,958.6559,565.4215,-0.00114487,0.01921365,-0.03566217,0.0013278,0.08609476,0.02562696,0.68888149,183.59,243.2,6.3889,14.67262,0.39709327,0.00364576,-40.15118,-10.738,-0.7096818,0.027268
,,50.00 ,CoH2L50,12.61,25.62,8.1,4.91,12.81,7.88559129,66,490.48366,-0.227678,672,-0.043522,0.184156,56,7.501,10.125,10.8,14.086,0.402330696,0.938941474,1.951101,8.533011,10.789022,35.526765,315.4656,4052.34842,1.3563,-70.12224,29.40805,1682.57243,1034.87121,647.70122,-0.00223936,0.01778944,-0.03424057,0.00123313,0.08446991,0.02470004,0.65639989,218.15,253.02,6.34005,14.57967,0.3979459,0.00310148,-41.55981,-11.01385,-0.7256246,0.026764
L51,1,51.00 ,CoH2L51,12.92,26.27,7.58,4.76,12.8825,8.266167114,60,462.43042,-0.229177,628,-0.048104,0.181073,55,7.53,10.613,11.261,14.991,0.40664587,0.995418327,1.783508,8.001156,11.511369,36.930632,295.1964,3776.16887,1.3723,-69.34914,29.04771,1570.5718,965.56923,605.00257,-0.00097276,0.01924353,-0.03323747,0.0012597,0.0939416,0.02486927,0.67032954,200.19,239.61,6.41707,14.27244,0.39679157,0.00346474,-40.89663,-10.7857,-0.7301123,0.030403
,,52.00 ,CoH2L52,62.02,18.81,13.57,22.34,29.185,19.21236646,42,392.1393,-0.209406,507,-0.052762,0.156644,39,7.478,7.844,8.119,14.806,0.481198609,0.98997058,1.381106,6.168636,8.749227,32.937512,241.8525,2792.71058,1.5735,-55.34303,32.61026,1259.51298,785.97526,473.53772,0.00102612,0.02199282,-0.03377429,0.00095752,0.13733838,0.02617976,0.71898687,130.63,222.07,6.67546,14.84861,0.39675665,0.00475814,-39.46868,-10.75135,-0.7167556,0.03296
L53,0,53.00 ,CoH2L53,13.74,26.71,6.39,6.44,13.32,8.288965557,59,470.47374,-0.226691,620,-0.050479,0.176212,48,7.49,8.456,12.373,14.966,0.418103087,0.999065421,1.360786,6.138606,13.406896,43.128895,445.8662,3787.78833,1.3919,-66.34769,56.14838,1570.88316,955.05691,615.82625,0.00041271,0.02557813,-0.03861518,0.00138514,0.16383212,0.03060166,0.8350898,149.94,289.95,6.53157,13.7972,0.39377951,0.003408,-36.81837,-10.63582,-0.7054657,0.028414
L54,0,54.00 ,CoH2L54,14.9,25.05,5.74,6.7,13.0975,7.764857935,66,532.5433,-0.227839,710,-0.047924,0.179915,61,8.087,11.526,11.993,15.132,0.391503454,0.935575615,1.951403,9.64202,10.770022,46.37378,466.9099,4274.29738,1.3962,-72.77591,45.55242,1784.6293,1028.71836,755.91094,-0.00321751,0.02004058,-0.03486942,0.00122246,0.09686553,0.02695416,0.71624702,197.11,302.64,6.39132,13.85965,0.39562786,0.00310322,-34.67845,-11.34469,-0.732658,0.027089
L55,0,55.00 ,CoH2L55,19.59,9.44,6.38,5.48,10.2225,5.603982401,90,657.73094,-0.164749,929,-0.029443,0.135306,71,10.177,7.796,16.527,17.273,0.415256275,0.848629262,1.061103,5.337296,4.095968,24.229192,330.9314,5468.90389,1.3477,-138.00186,-17.86499,2384.85164,0,2384.85164,-0.08873124,0,-0.08873124,0.001867,0,0.03397492,2.41449976,0,667.83,5.44607,13.93425,0.37919019,0.00286657,-39.60926,-13.0362,-0.7782968,0.042117
L56,0,56.00 ,CoH2L56,4.55,7.56,18.68,5.42,9.0525,5.665330418,59,476.41394,-0.20019,641,-0.107969,0.092221,54,7.731,7.993,12.1,14.664,0.421900624,0.9483896,1.316412,5.501777,5.066083,36.601322,382.0899,3705.43148,1.4408,-42.11879,61.05507,1585.60863,859.35741,726.25121,-0.00143209,0.01811097,-0.02455697,0.00038091,0.22262509,0.02120623,0.57316451,172.48,271.54,7.20576,13.82974,0.39179746,0.0023231,-36.84579,-10.83068,-0.7573383,0.04163
L57,1,57.00 ,CoH2L57,14.09,26.62,9.04,7.03,14.195,7.620743074,57,448.4038,-0.230206,606,-0.061492,0.168714,52,7.761,10.116,10.694,15.493,0.426769138,0.998131684,1.822398,7.345862,11.488987,39.841691,285.78,3638.40754,1.381,-69.20611,30.36336,1574.75654,952.81713,621.93941,-0.00174446,0.0194576,-0.03422623,0.00127074,0.09423134,0.02569733,0.68818603,193.16,247.81,6.44014,14.65069,0.39640704,0.00357379,-40.46671,-11.47699,-0.7291207,0.029864
L58,1,58.00 ,CoH2L58,10.87,26.51,9.33,7.12,13.4575,7.6528275,61,478.42983,-0.223793,646,-0.063269,0.160524,54,7.469,10.41,13.318,14.519,0.379611473,0.97195073,1.677216,7.988021,12.692383,47.46833,470.962,3844.32298,1.3946,-74.12044,34.38483,1619.57851,1002.69732,616.88119,-0.00129985,0.01991582,-0.03578444,0.00145524,0.09358961,0.0262897,0.70640803,199.08,254.45,6.37791,15.2287,0.39862323,0.00383868,-40.11081,-10.90653,-0.7353627,0.036767
L59,1,59.00 ,CoH2L59,14.14,26.87,9.06,10.54,15.1525,7.012821739,60,516.40181,-0.230699,676,-0.073852,0.156847,55,7.455,10.396,13.159,14.458,0.380343567,0.969684775,1.676138,7.796924,10.241654,55.618711,386.8436,3850.23689,1.503,-67.58865,31.93925,1626.57016,1038.99249,587.57767,0.00181699,0.02092118,-0.03196428,0.00126448,0.09710548,0.02444868,0.67784535,188.93,266.55,6.44354,16.40024,0.41196034,0.00524525,-43.14609,-10.83037,-0.8001237,0.070484
L60,0,60.00 ,CoH2L60,14.06,26.77,9.12,7.07,14.255,7.659237886,57,448.4038,-0.229917,606,-0.063727,0.16619,47,8.188,9.152,11.273,16.226,0.442716433,0.990840254,1.780909,7.018954,11.310489,39.372345,299.8604,3648.85683,1.3771,-69.18336,27.85682,1600.34454,971.86934,628.4752,-0.0016974,0.01891623,-0.03357416,0.0012827,0.09141766,0.02507441,0.67137505,203.79,244.35,6.45193,14.45381,0.39613592,0.00369521,-39.59739,-11.72203,-0.7281118,0.030554
L61,0,61.00 ,CoH2L61,13.79,27.05,9.11,7.16,14.2775,7.75783918,57,448.4038,-0.230362,606,-0.064489,0.165873,47,8.211,10.586,11.733,16.41,0.423713496,0.999269273,1.8394,8.055393,11.562765,40.217846,278.1728,3663.57676,1.3715,-70.33047,29.32035,1627.66285,945.01844,682.64441,-0.00174354,0.01996057,-0.03178961,0.00127786,0.09442019,0.02523941,0.67815365,208.15,247.64,6.44625,14.69209,0.39539689,0.00369046,-39.52401,-11.59713,-0.7236094,0.031467
L62,0,62.00 ,CoH2L62,13.63,27.12,9.06,7.24,14.2625,7.779731277,61,474.44116,-0.230152,645,-0.064101,0.166051,50,8.449,9.718,11.09,16.765,0.446198068,0.992129246,1.795198,7.447349,11.274273,37.051782,270.1216,3846.83678,1.3821,-69.67878,27.28837,1678.52425,971.73464,706.78961,-0.00210199,0.01872939,-0.03074216,0.00124314,0.09648038,0.02418904,0.64729627,227.84,242.19,6.45688,14.56091,0.39561,0.00359389,-39.71451,-11.57507,-0.7278435,0.029909
L63,0,63.00 ,CoH2L63,14.54,26.45,9.15,7.08,14.305,7.522148962,55,468.39351,-0.229546,630,-0.066519,0.163027,49,7.824,10.775,11.855,15.546,0.407219195,0.993481595,1.977004,7.809914,11.427665,33.56096,332.4615,3693.01287,1.4213,-74.77,29.47864,1635.31823,932.53964,702.77859,-0.0040797,0.01991326,-0.03591674,0.0014108,0.08935985,0.02756384,0.72901371,195.81,262.12,6.4182,14.93891,0.39658587,0.00400573,-39.50019,-11.59083,-0.7468658,0.032828
L64,0,64.00 ,CoH2L64,13.8,26.91,9.09,7.21,14.2525,7.691964557,54,434.37719,-0.23031,584,-0.064872,0.165438,44,7.586,9.265,11.226,15.061,0.423632988,0.992683891,1.806432,7.003768,11.421401,39.931982,290.2925,3499.06258,1.3911,-70.06586,28.40114,1541.64204,919.23016,622.41188,-0.00177613,0.01973075,-0.03353929,0.00130141,0.0951999,0.02568951,0.68860358,189.52,242.18,6.45862,14.52054,0.39653484,0.00381567,-39.78851,-11.73286,-0.7302387,0.031263
L65,0,65.00 ,CoH2L65,12.01,26.01,8.64,6.3,13.24,7.64704845,67,614.42583,-0.227834,786,-0.063844,0.16399,55,8.445,12.368,13.605,16.524,0.388827447,0.978330373,2.148769,7.995864,11.760749,39.39546,715.519,4317.82876,1.5946,-62.89265,38.16913,1914.25881,1144.02672,770.23208,0.00313705,0.02273503,-0.02597184,0.00098331,0.17165475,0.02354077,0.65409121,249.3,286.75,6.49776,16.33114,0.42567646,0.00537484,-43.11872,-11.60295,-0.8676109,0.090422
L66,0,66.00 ,CoH2L66,15.39,26.62,8.64,6.3,14.2375,7.889716012,66,652.39782,-0.234875,816,-0.078076,0.156799,47,8.127,10.396,14.384,16.034,0.392855393,0.98646487,1.806281,8.05494,8.464148,37.562879,746.6463,4303.9804,1.6986,-60.74156,36.39781,1838.05141,1188.43272,649.61869,0.00698214,0.02421219,-0.02453906,0.00104369,0.16373714,0.02290947,0.66199088,231.71,283,6.5178,16.41753,0.43794127,0.00644655,-43.10831,-10.80894,-0.9233734,0.106984
L67,0,67.00 ,CoH2L67,14.64,26.57,8.55,6.26,14.005,7.874396802,63,584.39981,-0.233865,746,-0.065516,0.168349,43,8.478,10.633,13.053,16.378,0.408795927,0.965911772,1.799512,8.039594,10.676539,37.774709,600.2417,4097.17134,1.5983,-62.25625,33.57006,1807.58262,1116.53555,691.04707,0.00401446,0.02293008,-0.02654781,0.00100466,0.15441735,0.02353789,0.66159452,228.41,277.77,6.50965,16.33028,0.42511803,0.00560128,-43.09952,-11.40843,-0.8666298,0.090198
L68,0,68.00 ,CoH2L68,6.65,22.16,4.34,3.79,9.235,7.53901353,81,683.62308,-0.214937,934,-0.06316,0.151777,68,8.145,11.686,12.253,15.726,0.39647044,0.965377532,2.456812,8.978154,11.69272,47.531815,656.8455,5334.96422,1.4359,-70.03377,21.78827,2034.60849,1134.18104,900.42745,-0.00255711,0.01722582,-0.02747575,0.00091107,0.08236139,0.02215016,0.59217375,266.31,303.44,6.50732,13.76456,0.39860209,0.00291536,-36.10308,-11.98694,-0.7544679,0.029312
L69,1,69.00 ,CoH2L69,6.2,25.84,5.76,4.4,10.55,8.852587192,96,683.78821,-0.222874,972,-0.035802,0.187072,67,9.259,8.873,12.259,17.413,0.451757686,0.940328329,1.660897,6.47111,9.892988,47.691707,363.8032,5703.43219,1.3435,-74.3073,29.48448,2179.43047,1153.52274,1025.90774,-0.0049279,0.01868327,-0.03147612,0.00121699,0.12304621,0.02547741,0.67226148,281.94,328.37,6.23655,15.20264,0.39568068,0.00294604,-42.07525,-11.75491,-0.7338906,0.030649
L70,1,70.00 ,CoH2L70,20.39,26.33,5.69,6.46,14.7175,8.898166595,94,659.76674,-0.220062,938,-0.035862,0.1842,64,9.422,10.538,11.922,18.418,0.450560204,0.977393335,1.968728,8.079339,10.074478,36.916893,252.2608,5623.74264,1.3147,-84.97722,31.50976,2218.16072,1270.72438,947.43634,-0.0065458,0.01703814,-0.03817713,0.0016689,0.09441942,0.02772326,0.70932385,316.86,304.29,6.14701,14.60208,0.39417629,0.00322369,-41.8932,-11.95828,-0.7277545,0.028976
L71,1,71.00 ,CoH2L71,8.67,26.23,3.97,2.67,10.385,9.416457667,134,964.15145,-0.222009,1386,-0.039229,0.18278,68,9.886,10.123,17.095,17.678,0.393754455,0.894092656,1.815907,7.662744,11.037648,55.715458,620.4983,8084.359,1.3364,-84.07347,28.77616,2994.52401,1657.5945,1336.92951,-0.00496023,0.01514746,-0.02989078,0.00125313,0.07386347,0.02268401,0.59129616,441.44,397.11,6.13823,13.76939,0.39577223,0.00258608,-38.8963,-11.81184,-0.7534478,0.028906
,,72.00 ,CoH2L72,23.95,27.1,7.48,8.73,16.815,8.792026217,48,393.34556,-0.223296,533,-0.036801,0.186495,35,7.345,7.921,10.442,14.094,0.434236066,0.959428182,1.39867,5.524388,11.637739,26.263092,198.0752,3081.0107,1.4306,-80.89279,31.55987,1421.42664,836.4827,584.94395,-0.00551294,0.02513862,-0.04934534,0.00188841,0.09898319,0.03634326,0.95512358,131.48,266.56,6.25293,15.33674,0.4009249,0.00533422,-40.19564,-11.40571,-0.7243563,0.034566
L73,1,73.00 ,CoH2L73,19.26,26.28,6.02,5.54,14.275,8.851772421,68,545.53792,-0.224616,757,-0.038892,0.185724,65,9.009,7.67,10.056,17.988,0.503668029,0.998334998,1.398779,5.149343,11.924835,49.622804,341.0615,4333.55103,1.4107,-81.81137,31.64564,1876.04326,1086.62188,789.42138,-0.00425074,0.02220111,-0.04066116,0.00165206,0.09924782,0.03084905,0.81549595,198.58,326.76,6.28532,14.51573,0.39978186,0.00405561,-40.60622,-11.99639,-0.7490111,0.034893
L74,1,74.00 ,CoH2L74,23.52,27.26,8.39,9.16,17.0825,8.416479,56,423.41468,-0.223443,582,-0.037758,0.185685,49,7.317,8.452,11.004,14.056,0.419431845,0.960502938,1.583664,5.932265,10.96496,28.346778,214.8626,3458.97027,1.3717,-79.29464,30.30249,1530.41113,949.43756,580.97356,-0.00435787,0.02227182,-0.04787658,0.00179014,0.08039866,0.03320833,0.87054338,143.45,285.11,6.24963,15.266,0.39830554,0.00463823,-41.16354,-11.58123,-0.7124888,0.029477
L75,1,75.00 ,CoH2L75,19.93,26.64,3.95,3.84,13.59,9.981109658,76,575.60703,-0.224602,806,-0.038499,0.186103,72,9.124,8.729,9.755,18.108,0.494862265,0.992327926,1.567579,6.273468,11.234068,51.877309,405.5774,4707.21822,1.3703,-80.58921,31.04158,1968.13858,1171.90524,796.23334,-0.00392458,0.02022696,-0.0394711,0.00155274,0.08445626,0.02894945,0.76225615,219.13,332,6.27263,14.47623,0.39758825,0.00368617,-41.92385,-11.88496,-0.7418827,0.032774
L76,1,76.00 ,CoH2L76,14.76,24.59,5.59,6.59,12.8825,7.63817182,118,771.97968,-0.220545,1114,-0.0346,0.185945,109,9.261,10.244,12.715,18.398,0.444858186,0.993305259,2.006957,7.906943,10.270999,46.494512,340.6375,6772.8942,1.2773,-81.46651,30.05707,2400.92011,1553.78814,847.13197,-0.00122315,0.01535319,-0.03162706,0.00142501,0.08707184,0.02148683,0.57402966,391.63,280.7,6.20274,14.57661,0.39874801,0.00225917,-42.13808,-12.03529,-0.7232524,0.026212
L77,1,77.00 ,CoH2L77,23.83,27.54,6.71,5.8,15.97,9.808427499,50,395.36144,-0.224135,538,-0.03676,0.187375,43,7.405,8.144,10.131,14.204,0.437328735,0.959081702,1.438218,5.872337,10.784083,26.645732,191.3865,3164.57571,1.4,-78.85229,29.90499,1447.27392,879.51462,567.7593,-0.00468893,0.02362531,-0.04855044,0.00178106,0.08616956,0.03459947,0.90895078,133.35,271.92,6.28576,15.27072,0.39876876,0.00497627,-41.09016,-11.29191,-0.7156305,0.032732
L78,1,78.00 ,CoH2L78,20.09,27.11,6.52,5.85,14.8925,9.057412365,70,547.5538,-0.224885,762,-0.039344,0.185541,65,9.14,10.108,12.339,17.983,0.44479347,0.983752735,2.001251,7.692198,10.883794,48.623876,295.0494,4451.5122,1.3784,-79.14656,27.45409,1999.13096,1190.2233,808.90766,-0.00351676,0.01892812,-0.03654205,0.00157658,0.06899855,0.02689084,0.70899913,251.55,308.27,6.30525,14.19765,0.39618998,0.00366329,-42.03013,-11.30297,-0.7462911,0.034942
L79,1,79.00 ,CoH2L79,19.11,26.7,5.04,3.91,13.69,9.60608401,70,547.5538,-0.225241,762,-0.038799,0.186442,66,9.083,7.935,9.833,18.07,0.504213405,0.994715402,1.409868,5.409592,11.136395,50.459904,365.0623,4415.97437,1.3895,-80.26425,31.10763,1902.80625,1127.8473,774.95896,-0.00364573,0.02139252,-0.04008549,0.00157233,0.09040643,0.02984545,0.78928351,202.77,330.07,6.30472,14.82801,0.39821144,0.00383652,-41.43096,-11.9837,-0.7419781,0.034237
L80,1,80.00 ,CoH2L80,22.27,26.94,6.66,5.2,15.2675,9.496392407,90,699.74616,-0.226547,986,-0.0414,0.185147,80,9.468,8.816,14.62,18.674,0.443457611,0.986163921,1.730613,6.456805,11.44298,55.948674,432.9301,5668.86369,1.3832,-78.6463,25.2093,2372.55498,1367.00084,1005.55414,-0.00383166,0.01739134,-0.03268329,0.0012781,0.06394138,0.02465117,0.64960348,302.06,362.32,6.32928,13.76387,0.39743096,0.00326731,-41.62552,-11.42165,-0.7535268,0.030845
L81,0,81.00 ,CoH2L81,22.49,26.79,7,7.38,15.915,8.857478479,56,423.41468,-0.226191,582,-0.039283,0.186908,49,9.743,6.984,9.852,19.468,0.536249449,0.99907626,1.099393,4.758266,10.709463,39.938292,269.6169,3461.83773,1.3706,-70.09384,29.04122,1594.06931,989.56145,604.50786,0.00023705,0.02213275,-0.03560557,0.00127555,0.09895474,0.02718525,0.74129133,159.09,287.29,6.39795,14.93265,0.39829721,0.004206,-40.43026,-11.21029,-0.7291972,0.036389
L82,1,82.00 ,CoH2L82,21.68,26.87,7.12,5.2,15.2175,9.266397291,80,623.64998,-0.225482,874,-0.04,0.185482,75,9.499,9.657,10.436,18.946,0.485309562,0.99726287,1.761433,6.906566,11.574641,66.057249,334.8228,5035.72285,1.3878,-79.25058,31.03511,2064.16886,1248.55329,815.61557,-0.00248768,0.02062181,-0.03786395,0.00151173,0.08191188,0.0280314,0.74653615,231.55,346.48,6.29874,13.99942,0.39706309,0.0036339,-42.3877,-11.47826,-0.7508094,0.034619
L83,1,83.00 ,CoH2L83,15.65,26.63,3.65,4.89,12.705,9.295777267,100,775.84233,-0.222349,1098,-0.038492,0.183857,90,9.059,10.822,13.411,17.492,0.41922109,0.965448725,2.088483,8.217441,11.064028,49.769136,596.9309,6274.99665,1.3855,-84.02412,29.96854,2502.88356,1378.02,1124.86355,-0.00566748,0.01765001,-0.0342327,0.00147678,0.07172833,0.02613764,0.68307972,322.3,378.57,6.19843,13.78148,0.39625475,0.00323349,-33.95162,-12.04755,-0.7634271,0.030404
L84,1,84.00 ,CoH2L84,19.36,26.34,4.87,5.6,14.0425,9.150339816,70,547.5538,-0.222772,762,-0.037252,0.18552,53,7.593,9.917,10.557,14.523,0.414978427,0.956341367,2.029009,8.11594,11.327258,41.64753,280.4475,4409.82791,1.3914,-83.34528,31.29144,1765.38769,1037.89248,727.49521,-0.00478433,0.02163462,-0.04247534,0.00178265,0.09198277,0.03131031,0.82240509,203.04,291.32,6.20424,14.55501,0.39725138,0.00408437,-41.83886,-11.69873,-0.7381376,0.032588
L85,1,85.00 ,CoH2L85,18.94,26.39,4.19,4.72,13.56,9.480187234,90,699.74616,-0.224063,986,-0.039737,0.184326,83,9.541,8.968,12.453,18.93,0.469133355,0.992034378,1.775406,6.558934,11.738712,67.736863,311.3584,5636.78124,1.3911,-82.10745,30.81202,2194.33495,1304.56545,889.7695,-0.00306925,0.01980525,-0.03660747,0.00153322,0.08215719,0.02731994,0.72432066,264.76,349.71,6.23117,13.89746,0.39690097,0.00342966,-42.62508,-11.47859,-0.7608425,0.03461
L86,1,86.00 ,CoH2L86,16.78,26.31,6.49,4.37,13.4875,8.765712678,114,811.9591,-0.221808,1162,-0.037568,0.18424,68,9.621,9.833,15.524,17.291,0.40543519,0.898607213,1.826065,7.4059,10.445549,61.350691,383.8281,6864.58434,1.3255,-83.62929,31.82668,2695.05119,1546.69276,1148.35843,-0.00475985,0.01615022,-0.03292305,0.00141317,0.08437807,0.02443125,0.63394643,398.25,356.44,6.18543,14.2974,0.39477035,0.00271936,-42.39147,-11.70452,-0.7451852,0.031364
L87,0,87.00 ,CoH2L87,28.3,26.59,11.35,10.28,19.13,8.345528743,48,327.32879,-0.224615,446,-0.036135,0.18848,39,6.767,7.461,8.419,13.53,0.460047603,0.999704448,1.269889,4.682452,10.735648,39.510671,123.4444,2777.58741,1.3206,-73.36574,30.78606,1247.13807,872.64445,374.49362,0.0008836,0.02251088,-0.04951226,0.00168499,0.08918229,0.03027358,0.83318325,119.23,230,6.32428,14.57541,0.39966279,0.00449204,-41.19146,-11.43472,-0.6729877,0.024324
L88,0,88.00 ,CoH2L88,25.77,24.77,9.64,10.74,17.73,7.558296766,54,355.38202,-0.224674,490,-0.034167,0.190507,41,7.036,7.143,9.141,14.035,0.462911046,0.997370665,1.245391,4.783444,10.506641,36.828555,91.7434,3045.26474,1.3077,-70.52732,30.88216,1313.89356,896.35614,417.53741,0.00025556,0.02167734,-0.04573203,0.00142345,0.09375832,0.02922897,0.79788111,131.04,236.89,6.30327,14.62236,0.40025155,0.00372044,-40.91355,-12.19984,-0.6807753,0.022886
L89,0,89.00 ,CoH2L89,19.11,27.62,10.09,13.83,17.6625,6.581752711,49,401.36763,-0.230568,549,-0.07987,0.150698,42,7.969,7.258,11.705,15.447,0.448910201,0.969193123,1.171017,5.148204,11.759338,54.18849,346.0091,3201.19659,1.405,-71.05407,37.8896,1497.52353,939.89503,557.62851,-0.00172731,0.02167201,-0.04116738,0.00161762,0.11425054,0.02941035,0.78726465,174.31,245.04,6.44816,14.5849,0.39607024,0.00432548,-40.78459,-10.76714,-0.7416278,0.039231
L90,0,90.00 ,CoH2L90,22.07,27.56,10.08,14.12,18.4575,6.798935119,45,375.33027,-0.231901,510,-0.082299,0.149602,41,7.224,7.634,9.068,14.033,0.456580446,0.971276301,1.277213,5.339523,12.032417,59.431131,397.6365,2968.99616,1.4166,-71.50306,38.83184,1361.98584,833.47013,528.51572,-0.00137272,0.02518851,-0.04325982,0.00156993,0.13552778,0.03252703,0.87623501,124.88,256.52,6.47396,14.85034,0.39596786,0.00468676,-40.81261,-10.5777,-0.7363825,0.040095
L91,0,91.00 ,CoH2L91,13.77,26.82,9.09,7.17,14.2125,7.664556005,57,448.4038,-0.230425,606,-0.064145,0.16628,47,7.613,9.33,11.144,15.088,0.424273101,0.990936556,1.760764,6.830301,11.415173,39.272866,284.4985,3643.9689,1.3789,-69.74558,27.48754,1586.53902,958.27066,628.26837,-0.00152861,0.01904367,-0.03290663,0.00128948,0.09448903,0.02488709,0.66758757,201.16,243.11,6.45862,14.53461,0.39654006,0.00368444,-40.01746,-11.72648,-0.7289068,0.029798
L92,1,92.00 ,CoH2L92,14.81,24.63,9.13,7.17,13.935,6.782365,61,474.44116,-0.230455,645,-0.065321,0.165134,50,8.164,10.499,11.072,16.22,0.42920272,0.993385595,1.885739,8.761286,11.132655,36.575979,271.4755,3833.39537,1.3869,-70.70515,30.25195,1664.93847,939.11892,725.81954,-0.00240168,0.01927171,-0.03044431,0.00118233,0.09847282,0.02453623,0.65694636,215.39,250.84,6.37862,14.31374,0.39623792,0.00339288,-39.26679,-11.43714,-0.7301356,0.029416
L93,1,93.00 ,CoH2L93,25.79,26.1,6.94,4.57,15.85,10.13030848,53,431.39365,-0.226238,589,-0.040509,0.185729,49,8.211,8.265,10.235,15.743,0.459743597,0.958653026,1.377777,5.947125,11.901363,40.756687,142.6976,3311.39986,1.4598,-72.16658,29.23819,1496.85274,905.64657,591.20617,-0.0012672,0.02441041,-0.04060178,0.00124939,0.08741266,0.03108325,0.83825914,102.59,316.57,6.37632,15.22468,0.40011781,0.00437167,-40.94282,-11.61213,-0.7433383,0.03618
L94,1,94.00 ,CoH2L94,26.16,26.27,7.28,4.82,16.1325,10.12001822,56,445.42027,-0.226452,611,-0.041171,0.185281,52,8.092,8.159,10.637,15.695,0.455046244,0.969784973,1.435403,5.927013,11.691329,43.226751,131.5443,3453.82987,1.4452,-72.53969,29.244,1529.73303,937.0349,592.69813,-0.00124652,0.02282457,-0.03930207,0.00126016,0.0928663,0.02950056,0.79481221,122.44,305.93,6.3672,15.13024,0.39910636,0.00415063,-40.18786,-11.76121,-0.7404715,0.034956
L95,1,95.00 ,CoH2L95,25.77,26.05,8.46,7.09,16.8425,9.080967391,59,459.44688,-0.226325,633,-0.038901,0.187424,55,8.218,8.338,10.891,15.783,0.450788301,0.960270139,1.391604,6.005886,11.885037,44.971364,120.1252,3586.32038,1.4356,-72.73208,28.59872,1587.39836,997.783,589.61536,-0.00055527,0.02270863,-0.03992386,0.00123486,0.07954056,0.02924799,0.79193212,113.18,331.34,6.37412,15.12365,0.39846662,0.00402223,-41.36814,-11.66255,-0.7373207,0.032759
L96,1,96.00 ,CoH2L96,21.69,26.27,5.35,4.94,14.5625,9.556796992,60,493.46321,-0.227194,679,-0.040351,0.186843,56,8.233,8.352,13.163,15.793,0.423314035,0.9591279,1.411984,6.071941,11.499094,48.631421,218.6853,3787.59974,1.4599,-71.92096,29.25817,1701.35582,1021.19735,680.15848,-0.00049214,0.02269061,-0.03529897,0.00119995,0.09314759,0.02783217,0.75460179,151.92,324.51,6.37931,15.22241,0.39871688,0.00400376,-41.1709,-11.48038,-0.7626754,0.03941
L97,1,97.00 ,CoH2L97,19.02,26.14,6.24,4.75,14.0375,8.921245359,62,495.47909,-0.224688,684,-0.037455,0.187233,58,8.214,9.406,9.533,16.121,0.459811751,0.981312393,1.722504,7.080661,11.160104,45.780347,215.6343,3876.26006,1.4324,-73.99778,29.62494,1589.24015,929.20254,660.03761,-0.00252854,0.02295118,-0.03839896,0.00132679,0.10353037,0.02985378,0.79911392,140.76,304.28,6.28926,15.24428,0.39961777,0.00395237,-41.695,-11.76045,-0.7510356,0.034925
L98,1,98.00 ,CoH2L98,25.19,26.48,5.33,4.53,15.3825,10.46626814,49,405.3563,-0.227514,550,-0.039278,0.188236,45,8.169,7.978,9.187,15.684,0.477457457,0.959970621,1.367778,5.781325,11.314732,38.201811,172.4012,3110.88703,1.4602,-71.14981,32.81265,1421.98877,832.9634,589.02537,-0.00203052,0.02472595,-0.03986788,0.00127828,0.11282808,0.03138226,0.84350225,110.35,287.85,6.37281,15.25266,0.39983408,0.00459927,-40.27297,-11.41021,-0.7516518,0.04123
L99,1,99.00 ,CoH2L99,25.76,26.06,6.23,4.87,15.73,10.1919012,62,473.4735,-0.226253,655,-0.040253,0.186,58,8.127,8.427,11.792,15.697,0.437047555,0.965731512,1.474071,5.837457,11.666463,46.051348,124.31,3735.0054,1.4205,-72.31798,28.74999,1635.27076,1038.65876,596.61201,-0.00050602,0.02185193,-0.0394296,0.0012261,0.08331582,0.0284036,0.76912873,134.5,323.42,6.3593,15.16249,0.3976848,0.0038369,-41.28823,-11.81576,-0.7363099,0.032738
L100,1,100.00 ,CoH2L100,5.71,26.2,5.16,4.03,10.275,9.214229485,72,607.5562,-0.225487,828,-0.039128,0.186359,68,8.28,8.69,11.179,16.495,0.453607964,0.996074879,1.62367,6.285239,12.539299,58.211979,130.0883,4535.14341,1.5012,-73.6624,33.85345,1783.31813,968.8716,814.44652,-0.00228933,0.0269559,-0.03707967,0.00118508,0.14317251,0.03181903,0.85932056,146.41,352.97,6.28955,15.74123,0.40716599,0.00442056,-42.92689,-11.86228,-0.8044938,0.053999
L101,1,101.00 ,CoH2L101,5.73,25.7,6.86,5.18,10.8675,8.584938483,120,840.01233,-0.222247,1206,-0.035284,0.186963,88,10.903,10.046,13.164,21.612,0.482173932,0.991103366,1.881327,7.638114,9.528871,42.189262,399.1725,6854.41975,1.3733,-74.15634,30.10794,2528.86523,1331.37581,1197.48941,-0.00352842,0.01620134,-0.02546409,0.00108849,0.13642919,0.02112625,0.56021478,392.84,315.32,6.21833,15.23091,0.39496921,0.00262248,-42.1281,-11.77371,-0.7390309,0.028923
L102,1,102.00 ,CoH2L102,7.7,25.22,7.38,7.61,11.9775,7.646451383,90,699.74616,-0.204203,986,-0.040072,0.164131,81,10.555,11.11,12.862,20.636,0.462607604,0.977546187,2.085604,8.807907,11.708232,25.646323,613.6037,5601.11829,1.3999,-73.34786,29.84069,2410.45154,1217.10579,1193.34575,-0.00563769,0.01987641,-0.03165978,0.00087382,0.1430134,0.02611822,0.69960515,254.22,420.77,6.32555,15.15193,0.39792337,0.00304167,-41.49972,-11.78,-0.7806025,0.039872
L103,1,103.00 ,CoH2L103,7.18,25.74,6.51,6.54,11.4925,8.230149983,104,823.88528,-0.203791,1166,-0.039708,0.164083,95,10.734,11.291,12.932,21.174,0.466418486,0.986305198,2.130237,8.9473,10.732728,31.448868,758.3893,6528.48001,1.4142,-75.96512,31.36612,2540.62536,1247.60805,1293.01731,-0.0066184,0.02025872,-0.03255163,0.00101986,0.14313464,0.02692373,0.72151079,284.91,426.54,6.2239,15.23726,0.39562197,0.00307916,-42.14288,-11.96209,-0.7949537,0.038975
L104,1,104.00 ,CoH2L104,8.29,23.82,7.6,8.01,11.93,6.869079269,110,851.93851,-0.203299,1210,-0.042458,0.160841,99,10.296,11.493,17.451,19.304,0.400099486,0.937451437,2.034716,9.246926,11.815419,44.908966,528.3567,6823.15739,1.3992,-73.40256,30.51242,2723.77875,1397.59771,1326.18104,-0.00388502,0.01924858,-0.0282644,0.00084594,0.15667139,0.02396345,0.64323067,334.07,428.66,6.3814,15.15713,0.39917236,0.00261002,-41.40554,-12.19479,-0.7880979,0.038306
L105,1,105.00 ,CoH2L105,19.42,26.52,5.6,5.86,14.35,8.978535515,68,545.53792,-0.225005,757,-0.03958,0.185425,64,9.26,8.635,9.857,18.512,0.500270241,0.999568035,1.458379,6.113141,12.055654,54.754632,325.0096,4335.47723,1.41,-81.40041,32.31643,1893.51898,1128.22352,765.29546,-0.00322694,0.02223521,-0.04076406,0.00164654,0.09422713,0.0304591,0.80882944,199,331.24,6.29956,14.39007,0.39969058,0.00404308,-40.9794,-11.48828,-0.7466415,0.034926
L106,0,106.00 ,CoH2L106,10.06,17.9,3.68,4.86,9.125,5.606092668,64,543.50212,-0.190502,748,-0.007797,0.182705,59,9.235,8.603,10.589,18.465,0.49034708,0.999729291,1.43726,5.988156,1.746517,77.36115,299.7007,4290.37473,1.4196,-137.27762,-16.88829,1892.49355,0,1892.49355,-0.09568325,0,-0.09568325,0.00217377,0,0.03825518,2.60367358,0,529.95,5.8019,13.59718,0.37611993,0.00386239,-41.72353,-11.86853,-0.7851564,0.041959
L107,0,107.00 ,CoH2L107,21.52,27.38,5.75,6.31,15.24,9.442232257,78,621.6341,-0.225801,869,-0.041718,0.184083,74,8.928,12.93,13.75,17.372,0.394352129,0.972894265,2.416918,10.731944,10.860458,53.676059,406.6986,4984.42008,1.3975,-78.43205,27.1136,2219.08683,1284.14837,934.93846,-0.00341739,0.01851241,-0.03353822,0.00144481,0.07087682,0.02553726,0.67601326,287.16,334.25,6.31836,14.25345,0.39590822,0.00356154,-42.09829,-11.72988,-0.7646681,0.037679
L108,0,108.00 ,CoH2L108,25.23,26.84,5.6,4.49,15.54,10.51774928,97,739.81013,-0.225346,1047,-0.045596,0.17975,87,9.378,10.532,14.163,18.681,0.43067595,0.99600128,1.858367,7.987558,11.689738,62.458142,538.5189,5990.54305,1.3839,-78.20511,25.51642,2404.92449,1454.98138,949.94311,-0.00286699,0.01683118,-0.03303773,0.0012923,0.05061814,0.02394239,0.63219535,300.61,372.84,6.2888,13.84132,0.39690104,0.00322486,-39.10165,-11.69757,-0.7563965,0.029419
L109,1,109.00 ,CoH2L109,22.33,26.31,6.03,5.18,14.9625,9.467479535,76,531.59585,-0.223131,748,-0.037614,0.185517,61,7.539,10.554,11.266,14.363,0.396954371,0.952579918,2.168323,7.848067,10.600676,34.47938,275.1887,4451.53493,1.3382,-79.39943,29.82132,1842.25176,1191.97441,650.27735,-0.0030478,0.01860113,-0.04273084,0.00168203,0.07559507,0.02811714,0.7379299,230.38,285.5,6.23118,14.85301,0.39734944,0.00354028,-42.19668,-12.00876,-0.712065,0.026804
L110,1,110.00 ,CoH2L110,23.49,25.6,8.36,9.24,16.6725,7.913884555,54,421.3988,-0.225137,577,-0.037082,0.188055,48,6.96,8.689,9.551,13.908,0.432624113,0.999137931,1.653212,6.03052,11.627668,51.693838,272.8334,3353.29568,1.4082,-73.13256,33.72188,1414.09285,920.88018,493.21266,0.00147567,0.0240084,-0.04059532,0.00144951,0.09996522,0.02936783,0.81072636,117.23,278.75,6.36833,15.20602,0.40192008,0.00453957,-41.19436,-11.43468,-0.7280554,0.032934
L111,1,111.00 ,CoH2L111,21.96,26.65,6.26,5.59,15.115,9.34139845,60,449.45203,-0.225539,621,-0.038372,0.187167,53,9.852,6.151,11.249,19.683,0.530782299,0.998934227,1.056485,3.810314,11.350216,40.299328,306.8129,3657.26964,1.3771,-71.6892,28.9835,1669.26406,1053.49225,615.77181,0.00063172,0.02230137,-0.03644177,0.00129384,0.08656952,0.02735576,0.74879182,151.56,315.88,6.38443,14.90647,0.39818442,0.00406302,-40.19606,-11.44639,-0.7257783,0.033466
L112,1,112.00 ,CoH2L112,21.95,26.71,6.54,7,15.55,8.941311425,64,497.49497,-0.226839,689,-0.040633,0.186206,57,9.857,7.262,13.983,19.633,0.480282793,0.995891245,1.121446,4.859461,10.684744,43.351082,492.257,3996.50384,1.3949,-69.69193,29.76347,1828.88192,1114.29959,714.58233,0.00100393,0.02185564,-0.03151164,0.00119137,0.1055878,0.02542097,0.69738532,199.9,312.24,6.42135,14.71528,0.39803818,0.00394204,-40.50753,-11.35179,-0.7506111,0.039196
L113,1,113.00 ,CoH2L113,21.53,26.61,5.82,6.52,15.12,9.131787886,66,477.50527,-0.225546,665,-0.038531,0.187015,59,9.84,7.52,12.656,19.664,0.493574297,0.999186992,1.140659,5.125203,11.126214,42.939094,340.8274,3942.76535,1.3571,-71.34792,28.49215,1770.81276,1148.82226,621.9905,0.00133186,0.02126565,-0.03548604,0.00125425,0.07823166,0.02588096,0.71458457,161.97,333.91,6.38847,14.44771,0.39656677,0.00380306,-41.10898,-11.39274,-0.7223699,0.031134
L114,0,114.00 ,CoH2L114,25.3,24.45,9.46,10.31,17.38,7.507040029,52,353.36614,-0.223668,485,-0.033748,0.18992,48,7.025,7.226,9.323,14.011,0.458475131,0.997224199,1.162848,4.537075,11.254749,36.394741,82.5605,2959.68416,1.3379,-71.35191,30.78989,1288.55318,838.33922,450.21396,-0.00042926,0.02356105,-0.04510138,0.00148952,0.10834758,0.03121822,0.84592384,124.91,235.93,6.27005,14.72804,0.40282997,0.00400374,-39.94041,-11.93981,-0.6896316,0.025356
L115,0,115.00 ,CoH2L115,27,25.06,11.61,11,18.6675,7.397524501,55,367.39276,-0.224553,507,-0.035747,0.188806,47,7.087,7.484,10.354,14.121,0.441847367,0.996260759,1.248811,5.339446,11.000137,39.323761,139.6589,3112.11395,1.3229,-72.89086,31.56928,1341.58203,934.97461,406.60742,0.0008869,0.02189039,-0.04740964,0.0014945,0.08267705,0.02928195,0.80613115,126.67,249.01,6.30951,14.63053,0.40031121,0.00386852,-41.0796,-11.88005,-0.6793359,0.02199
L116,1,116.00 ,CoH2L116,29.31,26.44,7.26,8.87,17.97,9.97309631,52,413.332,-0.22678,547,-0.041325,0.185455,42,7.882,8.865,10.066,15.343,0.447657116,0.97329358,1.485928,6.528299,12.135027,35.759396,359.8366,3194.13356,1.4501,-73.98587,35.1594,1488.99852,893.36873,595.62979,-0.00386784,0.025597,-0.04806136,0.00139423,0.14109389,0.03547218,0.94105679,121.49,295.48,6.35924,15.61725,0.41498871,0.00426206,-41.24075,-11.31875,-0.7280799,0.046161
L117,0,117.00 ,CoH2L117,4.76,24.73,3.75,3.82,9.265,8.937624125,106,759.88439,-0.19084,1084,-0.065406,0.125434,97,8.862,11.302,11.819,16.148,0.411214953,0.91108102,2.158587,8.755024,10.589356,54.374415,435.9377,6180.26165,1.3778,-78.4719,32.64992,2232.12694,1261.5704,970.55654,-0.00247086,0.0187983,-0.03011742,0.00126795,0.10277042,0.02411662,0.6454539,313.7,311.35,6.15084,14.34507,0.39664379,0.00281808,-43.36031,-12.26635,-0.7519798,0.034235
L118,1,118.00 ,CoH2L118,3.64,25.07,3.34,3.46,8.8775,9.349353922,92,679.75645,-0.190252,962,-0.065521,0.124731,70,8.168,10.022,12.501,15.886,0.413600979,0.972453477,1.982135,7.631081,10.412479,58.031284,484.7722,5507.13922,1.3832,-77.7702,32.37889,2033.62769,1170.89028,862.73741,-0.00300021,0.01985475,-0.0340185,0.00139951,0.09388964,0.02644314,0.70378206,251.39,318.08,6.17398,14.2559,0.397151,0.00297898,-43.01656,-12.24869,-0.7583503,0.036779
L119,0,119.00 ,CoH2L119,28.58,27.96,8.6,9.65,18.6975,9.58220323,28,259.17013,-0.231101,337,-0.092887,0.138214,24,6.34,5.201,8.642,12.496,0.474429553,0.985488959,0.505595,2.797328,12.184876,48.029219,214.2337,1929.0671,1.5055,-69.6507,39.69588,951.0554,613.13481,337.92059,0.0002995,0.03120856,-0.05578297,0.00166504,0.13903,0.03985403,1.08682592,60.36,205.97,6.505,15.52576,0.39529567,0.00675783,-39.22176,-10.14066,-0.7296364,0.051359
L120,0,120.00 ,CoH2L120,26.66,27.31,10,13.92,19.4725,7.642726526,40,341.27085,-0.229115,455,-0.074227,0.154888,36,7.261,7.729,8.86,14.228,0.461693221,0.979754855,1.177245,5.225165,13.025686,58.134174,427.1629,2610.56538,1.4649,-72.38878,42.97691,1239.86844,758.6522,481.21624,-0.00110931,0.02718431,-0.04571507,0.00167876,0.13658381,0.03463477,0.93543055,107.78,239.42,6.44605,15.42009,0.39962054,0.00526851,-40.08866,-10.6358,-0.7480067,0.049455
L121,0,121.00 ,CoH2L121,25.6,27.3,10.03,14.27,19.3,7.330139835,49,379.36204,-0.230532,520,-0.078904,0.151628,43,7.625,7.278,10.315,14.816,0.457156963,0.971540984,1.232282,4.820936,11.902468,34.833611,171.0493,3037.27961,1.3996,-69.28228,37.28963,1400.00312,779.56157,620.44155,-0.00305802,0.02418685,-0.03729018,0.00144251,0.14873271,0.03045798,0.81617482,150.6,241.44,6.44672,15.28248,0.39465331,0.00435325,-39.99538,-10.65177,-0.7224241,0.037672
L122,0,122.00 ,CoH2L122,19.75,27.62,8.44,9.54,16.3375,7.866328162,48,411.36248,-0.231205,561,-0.094469,0.136736,42,8.047,7.724,8.852,15.932,0.490094746,0.989934137,1.262292,5.351857,12.057427,61.712905,452.8527,3204.20983,1.4386,-71.79725,39.93984,1460.58708,881.15914,579.42793,-0.00190471,0.02430327,-0.04176023,0.00155338,0.1301997,0.03166055,0.84977344,140.52,268.49,6.48241,14.84241,0.39484553,0.00447357,-40.82482,-10.60242,-0.7580732,0.042806
L123,0,123.00 ,CoH2L123,19.86,27.6,9.56,13.46,17.62,6.835334666,62,491.49042,-0.230665,683,-0.079568,0.151097,53,8.037,10.135,12.785,15.977,0.410751472,0.99396541,1.71738,7.758958,12.22385,67.200304,552.3828,3934.66853,1.3998,-73.37685,37.41126,1738.31338,1075.10676,663.20662,-0.00155275,0.0212184,-0.03846646,0.00150245,0.09754796,0.02819417,0.75644752,191.92,294.86,6.45831,14.45749,0.39502244,0.00380619,-36.08727,-10.79043,-0.7430648,0.036428
L124,0,124.00 ,CoH2L124,26.97,28.28,14.64,12.1,20.4975,7.198765085,36,311.24483,-0.229237,415,-0.0547,0.174537,29,7.266,6.605,8.187,14.176,0.489367578,0.97550234,0.953839,4.219556,12.089739,42.831064,303.2709,2383.57328,1.4633,-70.5817,41.8694,1126.58301,679.70862,446.87439,-0.00135202,0.02866581,-0.04700999,0.00157201,0.13765349,0.0362375,0.97803903,81.74,233.74,6.4275,15.18279,0.39550251,0.00554383,-39.51758,-11.24467,-0.7341697,0.041655
L125,0,125.00 ,CoH2L125,23.29,28.3,13.58,6.77,17.985,8.362453288,41,353.28159,-0.23347,472,-0.082093,0.151377,33,7.942,7.545,7.856,15.568,0.502696245,0.980105767,1.361224,5.459183,10.630867,41.258542,210.8136,2728.91334,1.4507,-70.87133,37.0574,1315.82362,785.98406,529.83957,-0.00261943,0.02639819,-0.04566527,0.00164492,0.13949412,0.03473411,0.92944348,121.09,247.38,6.50722,15.21521,0.39832278,0.00580382,-39.65119,-10.25394,-0.741577,0.049079
L126,0,126.00 ,CoH2L126,30.2,28.14,14,9.39,20.4325,8.918008116,33,257.1957,-0.233585,336,-0.079719,0.153866,32,6.448,6.744,7.575,12.843,0.472829689,0.995890199,1.076708,4.173213,10.787523,44.129823,43.4125,2051.43698,1.4049,-67.24718,40.14782,1010.61082,674.41635,336.19447,0.00216424,0.02893282,-0.05153433,0.00163625,0.14472492,0.03576399,0.99189686,80.92,202.08,6.54201,15.43018,0.40063853,0.006245,-40.05443,-10.27005,-0.6876791,0.047505
L127,0,127.00 ,CoH2L127,15.58,25.7,13.88,3.18,14.585,7.985992424,47,381.33483,-0.227245,516,-0.078791,0.148454,40,6.68,6.639,10.707,12.34,0.415684161,0.923652695,1.055785,4.351297,10.337532,26.850641,362.4346,3032.78404,1.409,-72.95229,41.06427,1371.47724,636.16674,735.31049,-0.00675603,0.03070537,-0.03916643,0.00147514,0.17650369,0.03522823,0.95897608,115.92,268.14,6.40184,14.93755,0.40009038,0.00472508,-39.52303,-11.98619,-0.7414277,0.043729
L128,1,128.00 ,CoH2L128,10.67,12.26,15.93,3.73,10.6475,4.425982236,30,196.24663,-0.235632,53,-0.033707,0.201925,26,5.846,6.542,6.734,11.304,0.459886086,0.966814916,1.178603,4.321465,3.386406,25.391948,46.4866,1727.06967,1.2733,-68.21309,21.28902,893.93821,597.40524,296.53298,-0.00166785,0.01487838,-0.03500244,0.00088873,0.05831001,0.02214505,0.58650981,131.04,119.29,8.38145,14.07142,0.41385075,0.00108295,-39.53016,-13.26503,-0.7732347,0.058546
L129,0,129.00 ,CoH2L129,28.51,27.5,13.96,8.61,19.645,8.578748452,39,285.24894,-0.232577,380,-0.079781,0.152796,31,7.155,5.503,7.682,14.22,0.518883415,0.993710692,0.789387,3.161352,10.563115,41.505791,56.8167,2343.69382,1.3639,-66.29386,36.18405,1107.26275,708.68965,398.5731,0.00090291,0.0277495,-0.04683213,0.00146,0.14219078,0.03437227,0.94201819,86.52,223.54,6.53242,14.91975,0.39913143,0.00507107,-39.55486,-10.73779,-0.6926542,0.044692
L130,0,130.00 ,CoH2L130,28.09,27.18,13.95,8.65,19.4675,8.385870184,45,313.30217,-0.232173,424,-0.07929,0.152883,41,8.202,6.644,7.958,16.387,0.528800542,0.998963667,0.901663,4.295001,10.498072,43.524917,73.8904,2635.20449,1.3323,-66.52751,36.6249,1225.70258,825.88288,399.8197,0.00146705,0.02492428,-0.04698711,0.00143804,0.1355801,0.03162758,0.87405944,107.26,235.97,6.51626,14.87807,0.39916225,0.00456071,-39.60109,-11.10826,-0.6939953,0.040795
L131,0,131.00 ,CoH2L131,29.44,27.39,13.97,7.58,19.595,9.13354942,45,313.30217,-0.231878,424,-0.079222,0.152656,41,7.741,7.081,8.224,15.272,0.499460379,0.986435861,1.145419,4.516677,10.590973,38.719859,125.1489,2662.96605,1.3184,-66.78476,39.16124,1268.43879,786.42041,482.01837,0.00070869,0.02540634,-0.03958592,0.00156929,0.15675059,0.03063054,0.8379668,139.25,215.95,6.52605,15.1555,0.39857203,0.00476948,-39.57598,-10.46182,-0.6861723,0.040307
L132,0,132.00 ,CoH2L132,28.76,29.07,7.8,8.4,18.5075,10.41023865,47,329.34631,-0.227934,456,-0.076799,0.151135,38,6.878,6.752,10.716,13.578,0.437351028,0.987060192,0.98344,4.346591,15.749207,61.785309,351.3367,2850.83483,1.2946,-75.90902,50.3481,1332.44212,1022.95283,309.48929,0.00699291,0.02882518,-0.06516913,0.00169593,0.08378461,0.03373784,1.01408303,50.44,322.68,6.4403,14.26542,0.38946531,0.00406721,-34.37382,-10.23204,-0.6818121,0.032652
L133,0,133.00 ,CoH2L133,4.85,27.47,6.46,6.21,11.2475,9.386081118,45,393.3472,-0.230263,538,-0.083862,0.146401,37,7.619,5.66,11.701,15.238,0.467437651,1,0.841462,3.3979,16.161475,72.435279,505.2432,3056.93758,1.4419,-74.51196,29.64094,1426.12032,1098.10972,328.0106,0.00455628,0.02385343,-0.06004648,0.00181871,0.08187674,0.02997676,0.87560535,121.68,277.67,6.47141,14.40243,0.39124892,0.00452438,-36.13948,-10.2955,-0.7634063,0.048515
L134,0,134.00 ,CoH2L134,21.41,25.72,5.19,5.24,14.39,9.30069621,85,617.68689,-0.215666,872,-0.053938,0.161728,55,8.259,11.665,13.905,14.901,0.368189568,0.902106793,1.958277,9.285819,9.521929,39.177465,325.089,5049.07996,1.3709,-68.38729,25.39918,2087.85246,1066.80889,1021.04357,-0.00384483,0.01659158,-0.02519724,0.00097532,0.10427915,0.02122006,0.56599931,312.15,272.5,6.22632,14.49716,0.39765104,0.00280238,-41.64193,-12.44941,-0.7392435,0.034751
L135,0,135.00 ,CoH2L135,4.83,26.62,4.74,4.53,10.18,9.492262639,79,633.64483,-0.21551,886,-0.057807,0.157703,79,9.38,11.503,11.612,18.758,0.447973635,0.99989339,1.907277,9.082411,9.858219,47.105555,309.0651,5040.18193,1.4088,-67.94914,23.33314,2170.95184,1182.05572,988.89612,-0.00374379,0.01662766,-0.02809436,0.00094521,0.08987035,0.02242965,0.59459282,290.62,317.31,6.3084,14.4556,0.39834768,0.00326479,-40.84406,-12.37735,-0.775544,0.040114
L136,0,136.00 ,CoH2L136,20.45,26.16,4.74,4.64,13.9975,9.523986495,73,605.5916,-0.2157,842,-0.056833,0.158867,72,7.986,11.654,12.015,13.052,0.355436943,0.817180065,2.075376,9.193604,9.365845,32.521743,348.6568,4745.22139,1.4301,-81.24181,23.07795,2008.62479,1042.83445,965.79035,-0.00729419,0.01726303,-0.03381041,0.0014858,0.07409019,0.02655845,0.68625385,261.53,300.94,6.18682,15.15837,0.39944657,0.00358218,-41.34063,-12.66313,-0.7689799,0.038622
L137,1,137.00 ,CoH2L137,9.36,25.24,8.75,9.98,13.3325,6.888538942,71,576.55197,-0.226884,795,-0.039851,0.187033,56,9.084,9.707,11.413,17.907,0.45883619,0.985634082,1.629638,7.26972,9.97278,48.162944,232.9109,4404.55152,1.4668,-69.74387,27.71875,1814.79461,1032.12694,782.66767,-0.00217774,0.01985527,-0.03123332,0.00096139,0.11445597,0.02511291,0.67381617,192.5,315.69,6.37819,15.12474,0.40285136,0.00356517,-42.00684,-11.96851,-0.7725146,0.039468
L138,0,138.00 ,CoH2L138,22.72,26.7,6.8,4.9,15.28,9.558043733,57,435.42541,-0.222347,599,-0.038444,0.183903,50,7.254,7.781,13.008,13.164,0.387712426,0.907361456,1.299261,5.245908,9.854492,22.507532,156.357,3502.40361,1.3931,-78.4803,29.04462,1559.69289,930.18489,629.50801,-0.00487205,0.0219557,-0.04451374,0.00168052,0.07889471,0.03225774,0.84519523,145.72,291.04,6.2507,15.06978,0.39905169,0.00440876,-40.01181,-12.26439,-0.7216115,0.031478
L139,0,139.00 ,CoH2L139,21.54,23.03,6.64,5.53,14.185,8.12659369,58,451.42482,-0.204365,617,-0.065873,0.138492,44,7.303,8.599,12.412,12.842,0.379345996,0.879227715,1.203662,5.517968,8.365799,37.472974,343.3392,3527.43998,1.4341,-65.45225,37.10585,1547.43791,746.76515,800.67276,-0.00477995,0.01902374,-0.02698099,0.00118144,0.1477378,0.02362645,0.62969773,228.28,205.05,6.15324,14.62814,0.40281188,0.0034547,-40.01029,-12.1563,-0.7638382,0.041129
L140,0,140.00 ,CoH2L140,12.79,26.76,8.92,8.06,14.1325,7.505022901,48,422.40644,-0.238834,556,-0.07788,0.160954,40,7.974,7.997,11.63,15.855,0.446846288,0.994168548,1.219953,5.427505,9.506997,54.202227,352.1619,3223.15203,1.4686,-64.38385,32.72294,1459.95619,851.48779,608.4684,-0.00404801,0.02202524,-0.04053479,0.00117939,0.13672989,0.03057473,0.80925289,143.4,265.43,6.66422,15.20728,0.39828433,0.00410474,-39.56052,-10.32156,-0.7472346,0.039491
L141,0,141.00 ,CoH2L141,21.98,26.38,8.81,8.48,16.4125,7.922604922,40,328.27536,-0.214094,440,-0.080495,0.133599,35,7.272,6.956,10.052,14.536,0.460816637,0.999449945,0.902027,4.4888,11.645402,50.224569,269.9703,2568.85611,1.432,-76.16299,46.46065,1188.53767,715.2329,473.30477,-0.00399031,0.02692073,-0.05070143,0.00205507,0.13310915,0.03738461,0.99024374,108.27,224.56,6.22996,14.59559,0.39877509,0.00512456,-40.01506,-11.46792,-0.7350575,0.039341
L142,0,142.00 ,CoH2L142,17.22,26.52,6.36,3.98,13.52,9.013423323,74,573.59115,-0.223968,801,-0.039997,0.183971,68,9.044,9.411,11.647,17.904,0.459524665,0.98982751,1.634185,7.277508,11.751555,58.450995,436.7874,4607.55001,1.395,-80.78061,31.27588,1970.87524,1219.70918,751.16605,-0.00228559,0.02116387,-0.04036176,0.00160219,0.07531758,0.02908528,0.77500259,197.68,354.23,6.29951,14.54452,0.3982672,0.00369803,-41.30207,-11.58634,-0.7396489,0.03217
L143,1,143.00 ,CoH2L143,10.14,25.92,9.21,5.91,12.795,7.739026102,114,811.9591,-0.219821,1162,-0.03642,0.183401,109,9.091,10.938,15.636,17.832,0.401567356,0.980750192,2.022812,8.624429,9.874194,45.815123,577.1604,6872.1,1.324,-84.74944,32.08515,2610.89205,1439.96186,1170.93019,-0.00532312,0.01596412,-0.03150128,0.00137972,0.0904193,0.02402724,0.62401715,385.53,345.59,6.10996,14.23632,0.39549386,0.0026765,-42.14396,-11.42187,-0.7457179,0.029774
L144,1,144.00 ,CoH2L144,23.63,24.59,5.85,4.99,14.765,9.356103623,106,671.86203,-0.220391,968,-0.031279,0.189112,103,9.267,10.275,11.284,17.9,0.453635419,0.965792597,1.965252,7.866435,9.424733,39.054874,200.3556,5917.31004,1.2723,-73.27903,29.13986,2235.14488,1302.25821,932.88668,-0.00317239,0.01587286,-0.02975851,0.00119944,0.10754934,0.02241994,0.58962558,350.77,275.14,6.1817,14.30316,0.39685703,0.00243262,-41.89667,-12.44282,-0.7068977,0.023543
L145,1,145.00 ,CoH2L145,24.77,27.89,13.4,5.72,17.945,8.882444765,43,377.30306,-0.233199,506,-0.08183,0.151369,39,8.12,7.421,8.178,15.743,0.502297237,0.969396552,1.195302,5.101402,11.654661,39.193482,99.3868,2824.98519,1.4966,-68.51289,36.68066,1329.42563,754.76791,574.65772,-0.00135118,0.02673462,-0.03823967,0.00147462,0.13288169,0.03190877,0.86281292,129.07,243.21,6.53147,15.41819,0.399131,0.00523928,-40.13048,-10.66306,-0.7628144,0.052874
L146,0,146.00 ,CoH2L146,30.56,28.6,14.07,10.78,21.0025,8.683704207,27,229.14247,-0.233695,292,-0.079942,0.153753,22,5.93,5.771,7.689,11.799,0.46712063,0.994856661,0.868797,3.1926,10.929639,44.147913,23.9998,1750.69537,1.4667,-67.08464,41.30058,898.83261,579.08286,319.74975,0.00194162,0.03297263,-0.05425709,0.00162649,0.15287239,0.04001349,1.10326765,59.9,191.79,6.54849,15.45755,0.40051929,0.00742654,-39.48424,-9.90124,-0.6835908,0.055158
L147,0,147.00 ,CoH2L147,21.37,29.16,5.95,6.52,15.75,9.907640991,47,329.34631,-0.224278,456,-0.029725,0.194553,43,5.917,7.735,11.331,11.417,0.374536627,0.964762549,1.552207,5.325179,11.827023,41.852223,332.1714,2825.11866,1.3064,-65.68028,56.03583,1252.48449,855.06923,397.41526,0.00515132,0.0257851,-0.03924384,0.00156434,0.14548996,0.02845742,0.81785394,119.92,230.81,6.44576,14.12847,0.39042001,0.00447332,-33.77669,-10.96615,-0.6967591,0.029999
L148,0,148.00 ,CoH2L148,22.75,30.01,10.97,15.11,19.71,7.295190196,31,203.1913,-0.222572,271,-0.029076,0.193496,31,4.971,5.531,9.237,9.657,0.395373593,0.971333736,0.899076,3.152016,11.57724,31.212448,177.1758,1778.41931,1.2803,-67.31865,47.49427,851.36128,616.84608,234.51521,0.0075606,0.03477527,-0.06402222,0.00125747,0.12316481,0.03961154,1.16550728,23.88,214.53,6.41997,14.11684,0.38152832,0.00578177,-26.23341,-10.45277,-0.6026889,0.013411
L149,0,149.00 ,CoH2L149,21.99,30.56,12.79,13.88,19.805,7.15472047,24,198.12842,-0.237381,254,-0.043623,0.193758,23,5.772,5.962,6.207,11.47,0.485215111,0.993589744,0.939503,4.001959,11.385125,32.546107,303.749,1575.2731,1.4094,-59.18552,65.24344,804.24083,575.35288,228.88795,0.00981574,0.03716588,-0.05893398,0.00115427,0.23758401,0.03988707,1.17991579,35.35,189.86,6.65921,14.98082,0.38368153,0.00701986,-32.95513,-9.69978,-0.655821,0.038079
L150,0,150.00 ,CoH2L150,17.73,28.24,12.94,12.12,17.7575,6.420149434,51,355.38366,-0.222814,495,-0.027908,0.194906,46,7.55,6.393,11.757,14.866,0.450266537,0.984503311,1.020536,4.011885,10.77865,19.110141,272.633,3049.69149,1.3058,-70.35875,44.02826,1369.31657,786.69153,582.62504,-2.32E-05,0.02851921,-0.03856276,0.00131003,0.14749822,0.03279607,0.89233198,107.04,276.41,6.35757,13.63482,0.38899116,0.00378677,-32.39656,-11.25142,-0.6983432,0.025002
L151,0,151.00 ,CoH2L151,5.96,29.15,7.38,7.41,12.475,9.6451296,49,361.34512,-0.211742,492,-0.029753,0.181989,43,6.898,6.932,12.446,12.575,0.393546772,0.911496086,1.282074,4.752499,13.208777,60.806982,575.8809,2975.27439,1.3609,-67.89975,41.93249,1369.2205,929.78565,439.43485,0.00571661,0.02693539,-0.03917948,0.00153619,0.1154806,0.02912208,0.83987887,117.36,266.06,6.40559,15.10145,0.39573296,0.00482101,-37.5833,-10.36414,-0.7188277,0.046398
L152,0,152.00 ,CoH2L152,22.87,29.46,6.8,7.23,16.59,9.855569491,41,370.18307,-0.226214,460,-0.032603,0.193611,28,5.869,7.993,10.58,10.834,0.368415683,0.922985176,1.355,5.581691,13.487202,41.324133,312.7246,2799.36955,1.4818,-65.83377,35.71004,1251.62235,971.84477,279.77758,0.00667276,0.02368801,-0.052432,0.00162093,0.10498174,0.02700535,0.8194222,118.75,231.74,6.45401,14.18429,0.39175808,0.00474347,-32.70223,-10.37534,-0.66707,0.030397
L153,0,153.00 ,CoH2L153,19.67,26.03,10.19,9.58,16.3675,6.864802892,41,327.28733,-0.230462,442,-0.07968,0.150782,33,6.89,6.697,10.275,13.674,0.446191999,0.992307692,0.937571,4.189136,11.410039,37.370194,236.7723,2616.98036,1.4014,-70.69161,38.39592,1203.08569,687.00136,516.08434,-0.00331072,0.02661796,-0.04315118,0.00150578,0.15002521,0.03427434,0.9173003,104.94,231.96,6.42028,15.10889,0.39716478,0.0046184,-39.81024,-10.71093,-0.7310143,0.036594
L154,0,154.00 ,CoH2L154,19.93,9.64,6.45,5.79,10.4525,5.662200875,82,561.64506,-0.164106,793,-0.028186,0.13592,63,8.501,9.148,14.232,14.339,0.380153238,0.843371368,1.315081,6.533947,8.213302,25.286773,388.3778,4786.14496,1.315,-137.23867,-24.74355,2056.03125,0,2056.03125,-0.09429902,0,-0.09429902,0.00196301,0,0.03557589,2.56600675,0,575.75,5.40427,14.03976,0.37784973,0.00282957,-40.3947,-12.54567,-0.747671,0.038855
L155,0,155.00 ,CoH2L155,16.99,8.94,6.99,6.01,9.7325,4.320812279,88,589.69829,-0.165417,837,-0.027537,0.13788,71,8.746,8.841,14.355,14.709,0.38804907,0.840898697,1.346344,6.240394,6.611636,24.781251,351.6896,5071.94308,1.3029,-144.48287,-24.83941,2129.93163,0,2129.93163,-0.09332255,0,-0.09332255,0.00185555,0,0.03470532,2.53943582,0,596.44,5.4984,13.87025,0.37844181,0.0023136,-40.92496,-12.93321,-0.7444362,0.037141
L156,0,156.00 ,CoH2L156,11.92,8.71,5.31,5.32,7.815,2.745546394,60,451.448,-0.153759,622,-0.026304,0.127455,41,7.032,11.32,11.609,13.151,0.364495565,0.93508248,2.000052,8.710146,5.705904,25.441752,370.9199,3684.01539,1.3732,-146.45069,-26.06564,1607.59125,0,1607.59125,-0.10639208,0,-0.10639208,0.0019132,0,0.03426992,2.89507569,0,450.17,5.34332,14.37526,0.37491295,0.00378656,-40.60731,-12.56042,-0.749892,0.032608
L157,0,157.00 ,CoH2L157,19.87,8.85,5.47,5.39,9.895,5.925966166,42,367.28829,-0.154825,490,-0.025665,0.12916,38,6.541,7.346,9.785,12.259,0.417114665,0.93708913,1.426979,4.976474,7.121889,29.720073,450.6275,2783.14509,1.4788,-144.87113,-25.27974,1273.74986,0,1273.74986,-0.11446458,0,-0.11446458,0.00246572,0,0.03998027,3.11473966,0,356.69,5.36444,14.58242,0.37155762,0.00569579,-39.40857,-12.20455,-0.7712018,0.042252
L158,0,158.00 ,CoH2L158,18.88,9.68,6.29,5.62,10.1175,5.287959791,76,533.59182,-0.168597,749,-0.027804,0.140793,59,8.039,6.773,13.165,14.816,0.426310641,0.92150765,1.07311,4.339564,9.286871,25.690084,431.1373,4472.91898,1.3368,-140.47984,-25.99865,1907.81678,0,1907.81678,-0.09589821,0,-0.09589821,0.00196796,0,0.03612689,2.60952298,0,534.24,5.43479,13.76888,0.37845073,0.00248526,-40.00501,-12.99842,-0.7543953,0.041179
L159,0,159.00 ,CoH2L159,18.92,11.23,6.37,5.55,10.5175,5.314778335,84,629.67771,-0.165342,885,-0.029973,0.135369,72,8.874,10.684,14.261,15.821,0.388093019,0.891424386,1.727069,8.616234,6.256307,15.255697,147.7544,5172.89832,1.364,-144.2624,-24.16989,2251.21081,0,2251.21081,-0.09448121,0,-0.09448121,0.00215858,0,0.03641384,2.57096452,0,630.4,5.36291,14.3545,0.37837081,0.00323387,-40.35761,-13.38007,-0.7733123,0.041036
L160,0,160.00 ,CoH2L160,21.88,9.14,6.24,5.46,10.68,6.610098335,70,505.53859,-0.169156,705,-0.027864,0.141292,66,8.042,6.932,13.507,14.442,0.414036295,0.897910967,1.011419,4.619008,10.582165,30.113333,486.9006,4186.97587,1.353,-137.44444,-24.9703,1825.94597,0,1825.94597,-0.09699117,0,-0.09699117,0.00219782,0,0.03841029,2.63926388,0,511.32,5.47289,14.42226,0.37699927,0.00316489,-39.70461,-12.66178,-0.7565814,0.043911
L161,0,161.00 ,CoH2L161,23.2,9.14,6.29,5.67,11.075,7.121623761,64,477.48535,-0.16983,661,-0.02797,0.14186,46,7.935,6.74,12.344,14.433,0.430617299,0.909451796,0.903931,4.339566,12.193992,36.025324,570.1316,3885.03466,1.3772,-140.52149,-24.87877,1717.91527,0,1717.91527,-0.09807225,0,-0.09807225,0.00250485,0,0.04120521,2.66868157,0,481.07,5.48006,14.547,0.37596,0.00396638,-39.48205,-12.38888,-0.7602485,0.047543
L162,1,162.00 ,CoH2L162,7.71,25.67,7.1,7.11,11.8975,7.955392432,82,669.67704,-0.204771,937,-0.04009,0.164681,76,10.64,11.437,12.687,19.765,0.450340632,0.928806391,2.145576,9.156066,12.289811,19.075505,509.711,5213.12654,1.4395,-74.93226,30.16213,2315.68796,1113.11007,1202.57789,-0.00708149,0.02208238,-0.03407566,0.00105053,0.14568959,0.02860568,0.77037347,231.21,417.25,6.31152,15.20981,0.39853664,0.00347027,-40.27599,-11.64245,-0.7932901,0.043007
L163,1,163.00 ,CoH2L163,6.17,24.71,6.71,6.72,11.0775,7.873872538,110,851.93851,-0.199869,1210,-0.038756,0.161113,104,10.913,11.337,12.721,21.738,0.474670277,0.995968111,2.270517,9.107209,10.451671,35.041054,921.4455,6829.32861,1.3979,-75.69192,31.28944,2645.74002,1322.30834,1323.43167,-0.00551275,0.01879603,-0.02980088,0.00092761,0.15772465,0.02475069,0.66125812,328.75,412.13,6.25946,15.14201,0.39750543,0.00277079,-42.08094,-12.07302,-0.7888849,0.039704
L164,1,164.00 ,CoH2L164,3.68,19.99,5.98,6,8.9125,6.464755893,102,799.86381,-0.187445,1132,-0.058712,0.128733,91,10.578,12.134,12.669,20.959,0.458000087,0.990688221,2.390342,10.225603,11.989592,37.767724,726.4792,6376.78015,1.4056,-76.25919,30.21528,2605.65648,1354.43677,1251.21971,-0.00550854,0.01994868,-0.03306581,0.00097595,0.13538153,0.02677409,0.71422924,282.59,447.07,6.28913,14.9325,0.39687647,0.00292653,-41.61409,-11.70007,-0.799566,0.043666
L165,1,165.00 ,CoH2L165,8.27,25.58,6.91,6.79,11.8875,7.926709201,126,824.05438,-0.211054,1192,-0.037895,0.173159,109,11.59,11.855,15.008,22.892,0.460094463,0.987575496,1.947516,9.792377,10.488739,21.298799,627.046,7227.75995,1.2776,-72.19526,28.82961,3093.7339,1273.90753,1819.82637,-0.00783277,0.01682068,-0.02509058,0.00083215,0.14761022,0.02167041,0.59008653,443.04,423.3,6.27625,15.19068,0.39580205,0.00218884,-41.61086,-11.97033,-0.7288682,0.032696
L166,1,166.00 ,CoH2L166,3.61,11.85,6.81,6.92,7.2975,2.945465795,96,771.81057,-0.187112,1088,-0.059908,0.127204,85,9.676,12.108,13.518,18.952,0.425142447,0.979330302,2.17599,9.749422,11.654238,41.21407,699.7358,6078.65819,1.4228,-76.13618,34.14713,2550.35062,1271.41684,1278.93378,-0.00556219,0.02099016,-0.03195848,0.00095998,0.15202965,0.0268185,0.72084265,270.81,443.36,6.3104,15.19509,0.39811648,0.00289887,-40.33821,-11.59863,-0.8071414,0.04404
L167,1,167.00 ,CoH2L167,8.91,25.22,7.94,8.07,12.535,7.333145642,90,699.74616,-0.204075,986,-0.03802,0.166055,85,9.414,12.136,12.252,17.422,0.416694571,0.925323986,2.407773,9.879171,11.278095,35.321263,460.7995,5605.81693,1.3988,-74.6651,29.23057,2449.09464,1201.79716,1247.29748,-0.00608613,0.01998534,-0.03120653,0.00099966,0.13609005,0.0260935,0.69933711,281,404.82,6.33563,15.10105,0.39863208,0.00299117,-41.25581,-11.96396,-0.7754754,0.04073
L168,1,168.00 ,CoH2L168,8.56,24.87,8.06,8.29,12.445,7.175759542,92,731.74497,-0.19425,1022,-0.036136,0.158114,88,9.576,11.605,13.918,18.592,0.421443953,0.970760234,2.301979,9.246413,10.718259,32.375512,981.0501,5740.65934,1.4284,-79.06174,26.91482,2533.748,1241.28049,1292.46751,-0.00896401,0.01933088,-0.03613831,0.00100416,0.09894685,0.02853386,0.75931655,237.53,471.99,6.28082,15.04384,0.40020942,0.0032031,-41.29721,-11.71447,-0.7892529,0.045857
L169,1,169.00 ,CoH2L169,7.93,26.23,7.48,7.49,12.2825,8.054642683,84,671.69292,-0.204838,942,-0.040268,0.16457,78,10.747,11.512,12.436,20.07,0.455949839,0.933748953,2.130364,9.252778,11.467388,15.826933,504.7384,5297.2527,1.4209,-73.63169,29.34431,2348.45288,1179.63532,1168.81756,-0.00617347,0.02042623,-0.03301936,0.00097253,0.13142184,0.02714874,0.72637509,240.31,417.33,6.32299,15.1838,0.3971565,0.0032718,-41.24791,-11.8393,-0.7869341,0.04255
L170,1,170.00 ,CoH2L170,4.94,24.97,3.94,4.17,9.505,8.936398883,92,723.76763,-0.212687,1020,-0.037735,0.174952,89,10.146,10.707,12.725,20.181,0.462729003,0.994529864,1.885425,8.380671,11.133472,27.791394,644.0663,5792.56748,1.4001,-71.65356,28.87243,2518.65433,1161.45487,1357.19946,-0.00826483,0.01941409,-0.03195171,0.00082956,0.14347644,0.0262542,0.71212455,258.07,447.22,6.34068,15.18594,0.39861805,0.00298376,-41.26623,-12.15238,-0.7736204,0.037572
L171,1,171.00 ,CoH2L171,6.75,26.13,6.6,6.6,11.52,8.435309716,96,771.81057,-0.203627,1088,-0.040686,0.162941,90,10.627,11.537,15,19.857,0.428007932,0.934271196,2.039187,9.254721,11.435349,26.847297,708.9066,6061.23353,1.4269,-74.17604,29.5115,2661.86249,1289.27411,1372.58838,-0.0073595,0.01973194,-0.03280652,0.00088796,0.14213988,0.02679626,0.72038998,272.31,473.09,6.32072,15.21492,0.39693659,0.00307579,-41.24776,-11.96948,-0.8074443,0.046194
