No,yield20,SampleName,ODI_HOMO_1,ODI_HOMO,ODI_LUMO,ODI_LUMO_Add1,ODI_Mean,ODI_Std,AtomNum,Weight,HOMO,HOMO_number,LUMO,HOMO_LUMO_Gap,Farthest_Distance,Mol_Radius,Mol_Size_Short,Mol_Size_2,Mol_Size_L,Length_Ratio,Len_Div_Diameter,MPP,SDP,Dipole_Moment,Quadrupole_Moment,Octopole_Moment,Volume,Density,ESPmin,ESPmax,Overall_Surface_Area,Pos_Surface_Area,Neg_Surface_Area,Overall_Average,Pos_Average,Neg_Average,Overall_Variance,Nu,Pi,MPI,Nonpolar_Area,Polar_Area,ALIEmin,ALIEmax,ALIE_Ave,ALIE_Var,LEAmin,LEAmax,LEA_Ave,LEA_Var
L1,1,Restricted_L1,5.74,6.1,8.76,8.83,7.3575,1.44333598,47,356.41796,-0.230677,94,-0.0042,0.226477,38,8.156,8.118,9.171,15.634,0.474865595,0.958435508,1.349605,5.789535,2.90311,15.611553,213.1829,2856.26081,1.3983,-80.68189,18.35631,1372.15283,699.06505,673.08778,-0.00544842,0.01337444,-0.02499772,0.00067749,0.07514468,0.01963931,0.51908587,208.47,175.78,8.10193,14.77947,0.41081811,0.00175881,-40.65088,-13.19581,-0.8147486,0.047345
L2,1,Restricted_L2,6.06,5.51,7.71,8.44,6.93,1.189726859,69,510.6262,-0.227017,135,-0.006531,0.220486,63,8.203,8.505,13.815,15.813,0.414680198,0.963854687,1.468187,6.133686,2.096818,21.038763,306.2107,4163.18528,1.3744,-75.18648,19.51188,1770.2224,893.06345,877.15895,-0.00368651,0.01248225,-0.02014844,0.0004591,0.10628679,0.01656792,0.44302601,294.32,201.39,8.05051,14.63969,0.40668981,0.00162513,-41.92784,-13.12681,-0.7991176,0.038945
L3,1,Restricted_L3,6.96,6.96,7.41,7.44,7.1925,0.23274181,113,775.03149,-0.21083,207,-0.022625,0.188204,100,11.019,12.486,13.507,21.76,0.455678177,0.987385425,2.266687,10.355586,0.91315,21.537911,855.9896,6641.46907,1.3077,-79.4215,19.77483,2695.74533,1380.61163,1315.1337,-0.00410496,0.01102276,-0.01998586,0.00049825,0.10486212,0.01595686,0.41893167,478.98,275.9,8.16256,14.62001,0.4020378,0.00126358,-42.47107,-13.25921,-0.7829679,0.039953
L4,1,Restricted_L4,7.65,7.67,7.39,7.4,7.5275,0.13273564,137,887.24443,-0.210841,239,-0.021719,0.189122,114,12.015,12.58,14.2,23.943,0.472034383,0.996379526,2.037864,10.379122,0.640223,10.217369,725.878,7839.85277,1.2682,-80.53824,18.80874,3160.60782,1640.8294,1519.77842,-0.00402136,0.00964807,-0.01877957,0.00051871,0.08828435,0.01475236,0.38201938,617.35,267.71,8.14403,14.59083,0.40053045,0.00105113,-42.50429,-13.28084,-0.7664107,0.038343
,,Restricted_L5,9.05,8.89,8.05,8.24,8.5575,0.421744887,49,358.43384,-0.232064,95,-0.004365,0.227699,45,8.184,8.23,8.812,15.696,0.479442849,0.958944282,1.412507,5.924057,2.317765,15.445156,208.7863,2937.404,1.3674,-78.30497,17.83889,1403.58881,710.42653,693.16228,-0.00516365,0.0121856,-0.02294502,0.00061376,0.08567134,0.01810349,0.47617573,229.11,163.93,8.12369,14.7197,0.40856869,0.00161521,-41.65323,-13.19571,-0.8013575,0.045402
L6,1,Restricted_L6,7.78,7.82,5.79,5.8,6.7975,1.002605979,101,718.92502,-0.212531,191,-0.022238,0.190293,85,10.594,11.713,11.752,21.167,0.474256139,0.999008873,2.253915,9.516748,0.970746,24.545651,738.265,6057.45369,1.33,-79.39167,19.71132,2486.64178,1274.47765,1212.16413,-0.00474346,0.0113284,-0.02164151,0.00050574,0.10388314,0.01691001,0.44506217,424.51,271.82,8.15478,14.62912,0.40385592,0.00137664,-42.48313,-13.25687,-0.791293,0.042716
L7,1,Restricted_L7,6.46,7.32,6.16,6.03,6.4925,0.502562185,107,746.97826,-0.218311,199,-0.009496,0.208815,91,9.779,10.423,17.482,18.41,0.397495412,0.941302792,1.986269,8.001511,2.230564,23.213595,455.7362,6352.98552,1.3176,-74.07073,20.08633,2683.31951,1263.52113,1419.79838,-0.00381959,0.01078479,-0.01681646,0.00033998,0.13628968,0.01412274,0.38031367,506.24,245.17,8.05585,14.69971,0.40476587,0.00131286,-41.86158,-13.08077,-0.782292,0.039049
L8,1,Restricted_L8,4.04,3.95,3.8,3.81,3.9,0.100249688,117,735.05207,-0.2108,199,-0.022124,0.188677,94,10.523,10.534,15.548,20.32,0.437912159,0.965504134,1.933335,8.136599,1.3222,11.505815,544.887,6611.39626,1.2459,-79.85541,17.70549,2918.26277,1467.93846,1450.3243,-0.00434912,0.00861618,-0.01747188,0.00044726,0.08395147,0.01377477,0.35421881,599.08,218.12,8.18314,14.67859,0.4009814,0.00101979,-41.52638,-13.26352,-0.7649906,0.042766
L9,1,Restricted_L9,7.77,7.67,7.56,7.51,7.6275,0.100591998,115,733.03619,-0.209954,198,-0.022019,0.187935,74,9.814,10.734,16.275,19.422,0.41829812,0.989504789,1.876671,8.246742,1.793944,20.727585,495.9765,6534.37626,1.2571,-82.21107,18.63578,2849.99111,1351.08415,1498.90696,-0.00477192,0.00969219,-0.01780957,0.00047875,0.08938315,0.0145349,0.37990895,561.82,236.26,8.14109,14.65143,0.40207559,0.00111303,-40.43152,-13.15085,-0.7735554,0.043707
L10,1,Restricted_L10,7.82,7.72,7.67,7.7,7.7275,0.056291651,79,564.71678,-0.212304,150,-0.023628,0.188676,65,10.241,10.495,13.976,19.927,0.448826524,0.972903037,1.924258,8.020659,2.133588,9.42569,581.7862,4747.83128,1.3328,-80.6715,18.26546,2228.21647,1119.14586,1109.07061,-0.00594234,0.01071877,-0.02275481,0.0005078,0.08815533,0.01741983,0.45469072,384.77,239.2,8.11003,14.73561,0.40576946,0.00145372,-40.60705,-13.25397,-0.8029381,0.049979
L11,1,Restricted_L11,6.79,6.56,7.91,7.94,7.3,0.630357042,67,508.61031,-0.215987,134,-0.025115,0.190872,67,9.096,9.733,12.806,17.455,0.436440466,0.959487687,1.827823,7.375557,3.042014,12.058763,534.7787,4128.94164,1.3804,-79.26235,18.95359,1934.79223,927.32367,1007.46856,-0.00572269,0.01332629,-0.0232563,0.00048809,0.09768173,0.01874427,0.50332795,281.11,260.69,8.10268,14.77017,0.40624827,0.0017258,-40.64947,-13.1183,-0.8269714,0.047361
L12,1,Restricted_L12,9.01,8.21,8.19,11,9.1025,1.144363906,85,592.77002,-0.219124,158,-0.007388,0.211736,63,9.22,10.03,13.95,17.217,0.41791878,0.93367679,2.089997,7.729413,3.103223,18.719657,335.4874,5047.90176,1.3159,-79.33982,18.89342,2327.04747,1018.25014,1308.79733,-0.00567478,0.01122459,-0.01882257,0.00043585,0.11681252,0.01557288,0.42171948,414.95,236.69,8.08362,14.76368,0.40701616,0.001333,-40.616,-13.27151,-0.7832675,0.044034
L13,1,Restricted_L13,8.53,9.32,8.08,8.18,8.5275,0.487102402,55,386.48707,-0.227641,103,-0.003811,0.22383,51,7.936,8.134,10.984,15.493,0.447632256,0.976121472,1.497533,5.730138,2.31678,15.428479,178.3599,3226.8122,1.3422,-77.08962,18.69042,1502.87578,758.66702,744.20876,-0.00453013,0.01185295,-0.02123149,0.00054092,0.0971191,0.01703401,0.4489092,253.44,167.41,7.98431,14.63288,0.40803872,0.00150336,-40.59445,-13.2007,-0.7894735,0.041029
L14,0,Restricted_L14,6.98,7.64,14.18,7.14,8.985,3.009198398,38,292.33251,-0.233422,77,-0.040375,0.193046,32,7.943,7.377,7.86,15.569,0.505388561,0.980045323,1.380243,5.482362,2.218937,21.993217,168.0276,2390.51988,1.3703,-73.56122,22.96935,1191.08049,656.0491,535.03139,-0.00373708,0.01612083,-0.02808662,0.00069526,0.09938596,0.02203976,0.58493162,150.4,183.13,8.36609,14.73926,0.41166947,0.00211468,-39.97586,-13.1128,-0.8398923,0.053639
L15,0,Restricted_L15,11.89,11.79,15.47,4.64,10.9475,3.931783151,50,304.4278,-0.229515,83,-0.034461,0.195054,49,8.181,6.083,8.895,16.349,0.521882083,0.999205476,0.911244,3.707956,1.853076,20.177427,142.5045,2715.02772,1.2565,-70.46614,21.46858,1286.02277,792.85173,493.17104,-0.00172002,0.01152182,-0.0230084,0.00066354,0.09636755,0.01640047,0.43338896,237.29,122.84,8.31158,14.4876,0.40695551,0.00126147,-39.84803,-13.62368,-0.7515685,0.046746
L16,0,Restricted_L16,10.45,11.36,13.17,10.81,11.4475,1.045953512,56,306.49004,-0.193032,85,-0.008756,0.184275,44,6.924,8.835,10.779,13.845,0.413790012,0.999783362,1.342898,6.401917,6.510799,11.870873,20.3903,3001.28195,1.1443,-82.31689,19.23129,1388.76112,820.61798,568.14314,-0.00170532,0.01449239,-0.02510106,0.00092691,0.07495437,0.01921845,0.51245578,209.81,179.08,7.50984,13.37973,0.40228014,0.00099178,-34.42628,-12.99517,-0.7001915,0.024151
L17,0,Restricted_L17,7.69,9.2,10.2,7.21,8.575,1.19139624,58,374.5227,-0.193441,101,-0.030403,0.163038,55,6.915,9.57,12.593,13.568,0.379726288,0.981055676,1.423847,7.191753,5.743535,14.105659,210.1206,3352.08685,1.252,-79.8806,19.43714,1489.77468,831.72253,658.05215,-0.00209602,0.01312974,-0.02134009,0.00070841,0.08713217,0.01711814,0.45596352,243.81,173.37,7.71077,14.13082,0.40430206,0.00134603,-34.57856,-13.00201,-0.7337604,0.030825
L18,0,Restricted_L18,7.32,8.9,10.36,6.71,8.3225,1.422152857,64,402.57593,-0.190847,109,-0.028372,0.162475,59,7.402,9.86,13.401,14.132,0.377931698,0.954606863,1.631016,7.552514,6.614257,13.38767,240.7113,3660.62947,1.2324,-82.49453,18.72695,1621.21535,959.64361,661.57173,-0.00101172,0.01309104,-0.02146849,0.00077898,0.06936188,0.0167193,0.44925019,278.42,175.57,7.67853,13.8333,0.40426146,0.00119167,-36.03149,-13.01682,-0.726207,0.031666
L19,0,Restricted_L19,6.07,7.79,10.77,7.53,8.04,1.707073519,66,434.57474,-0.184958,117,-0.022523,0.162435,61,7.734,9.645,13.841,14.209,0.376946545,0.918606155,1.731792,7.14969,7.841054,19.062711,366.0063,3787.84513,1.2856,-83.65148,25.30345,1673.32959,945.92975,727.39985,-0.00076551,0.01559412,-0.02204,0.0007997,0.12306428,0.01850874,0.50058486,262.35,206.23,7.61899,15.07802,0.40816278,0.00152521,-37.7826,-12.98514,-0.7588825,0.041815
L20,1,Restricted_L20,4.42,7.22,4.08,3.92,4.91,1.345845459,78,526.71505,-0.19078,141,-0.033681,0.157099,74,8.732,10.383,13.751,15.054,0.384148209,0.862001832,1.907886,7.173436,5.360392,24.354936,592.1766,4611.14403,1.28,-79.65247,20.64642,1953.27696,1161.74098,791.53598,0.00029759,0.01360026,-0.01922681,0.00060946,0.09884699,0.01582569,0.43212585,321.34,225.63,7.71326,14.12691,0.40270339,0.00145875,-35.62687,-12.99997,-0.7799241,0.037197
L21,0,Restricted_L21,6.59,8.39,7.05,6.16,7.0475,0.836551702,64,510.51871,-0.199842,133,-0.038608,0.161235,58,7.342,8.887,13.501,14.023,0.385130867,0.954985018,1.584777,6.895408,0.772078,42.602121,238.6481,3790.84652,1.5091,-70.58348,29.72479,1653.11569,1037.45843,615.65726,0.0039408,0.01779953,-0.01941286,0.00057737,0.17285512,0.01762402,0.50069963,241.85,221.07,7.88952,16.25435,0.43264472,0.00328092,-43.26548,-12.94768,-0.87824,0.088948
L22,0,Restricted_L22,6.19,7.79,9.9,6.54,7.605,1.452385968,64,402.57593,-0.191219,109,-0.028065,0.163154,49,7.19,9.798,12.928,14.154,0.383785249,0.984283727,1.544758,7.206196,6.132639,17.366919,217.4295,3661.93163,1.2319,-79.93319,21.44715,1620.06808,1002.67849,617.3896,-0.00045256,0.01323609,-0.02268376,0.00073358,0.07706767,0.0169487,0.45814416,264.88,188.78,7.89379,13.65818,0.40352588,0.00114854,-35.50193,-13.00842,-0.7284541,0.032216
L23,1,Restricted_L23,6.46,8.68,9.73,6.64,7.8775,1.379898094,76,458.6824,-0.191164,125,-0.024945,0.166219,70,7.702,10.364,12.187,14.871,0.397386564,0.965398598,1.883751,7.81833,6.176123,21.478924,282.8096,4260.46807,1.2064,-81.42324,21.65616,1735.79764,1151.37328,584.42435,0.00029161,0.01180772,-0.02239623,0.00077187,0.06456077,0.01527923,0.41831393,318.24,167.83,7.79367,14.09838,0.40366742,0.00106475,-36.38724,-13.00205,-0.7265793,0.02851
L25,0,Restricted_L24,6.24,8.36,10.16,6.69,7.8625,1.5438001,70,430.62917,-0.189047,117,-0.026423,0.162624,58,8.091,9.961,13.177,16.13,0.410767037,0.996786553,1.578254,7.578831,6.310719,13.291497,251.6272,3964.74087,1.2171,-83.83985,18.24972,1768.25478,1095.12224,673.13254,-0.00057956,0.01180423,-0.0207268,0.00083565,0.06351477,0.01534853,0.41363594,335.61,159.56,7.65436,14.00278,0.40321335,0.00115763,-35.85453,-12.97142,-0.7269688,0.032617
L26,0,Restricted_L25,6.12,7.79,9.83,6.44,7.545,1.460556401,82,486.73564,-0.189999,133,-0.02704,0.162959,78,8.42,9.159,14.412,15.153,0.391307716,0.899821853,1.556014,6.816412,6.182385,17.782764,246.4305,4574.51792,1.1923,-80.48987,18.39672,1971.92057,1268.9991,702.92147,0.00029839,0.01150863,-0.01993969,0.00070599,0.06312718,0.01443032,0.39494626,381.57,170.62,7.72975,13.65253,0.40231105,0.00101587,-36.71207,-13.00097,-0.7165325,0.028384
L27,0,Restricted_L26,6.01,7.64,10.16,6.4,7.5525,1.621286141,88,514.78887,-0.189986,141,-0.02843,0.161556,83,8.389,11.88,14.236,16.645,0.389256566,0.992072953,2.09944,9.499164,5.871036,20.286149,224.5741,4867.31056,1.1852,-81.63801,22.54301,2047.32153,1324.37705,722.94448,0.00037803,0.01103487,-0.01914445,0.00076525,0.06322184,0.01379104,0.37819751,410.23,163.08,7.7274,13.8348,0.40131031,0.0009746,-36.60181,-12.74688,-0.7200395,0.028824
L28,0,Restricted_L27,8.91,10.17,11.8,18.13,12.2525,3.544674703,29,237.25717,-0.235266,62,-0.056461,0.178805,24,6.551,6.904,8.091,13.06,0.465514169,0.996794383,1.081206,4.477804,1.982601,24.237139,336.3718,1869.55573,1.4221,-68.1109,29.62501,946.30771,491.3341,454.97362,-0.00492645,0.01749949,-0.02914461,0.0007048,0.15109315,0.02357472,0.62853744,117.82,147.18,8.24877,14.85149,0.41262121,0.00194522,-40.52004,-12.71012,-0.8543619,0.053016
L29,0,Restricted_L28,5.91,9.31,10.83,11.1,9.2875,2.065942581,54,370.48767,-0.228865,99,-0.046182,0.182683,47,8.325,8.494,10.671,16.028,0.455431478,0.962642643,1.50722,5.936823,2.76311,11.600397,259.9334,3242.96352,1.2802,-71.35006,22.51174,1520.39821,759.04282,761.3554,-0.00461172,0.01217722,-0.02134966,0.00045872,0.11694512,0.01709757,0.45634618,252.12,173.63,8.08263,14.34353,0.4044272,0.0014195,-39.84808,-13.03128,-0.7881506,0.040731
,,Restricted_L29,5.82,7.5,10.69,11.35,8.84,2.271486298,55,404.50399,-0.228783,107,-0.047412,0.181372,51,9.881,8.185,10.732,19.561,0.508368418,0.989828965,1.450547,5.638707,2.783194,13.209379,310.113,3438.7275,1.3182,-72.19388,22.76029,1629.73265,820.40121,809.33144,-0.00414786,0.01270656,-0.02123281,0.00046368,0.09861956,0.01723041,0.46098068,269.5,186.87,8.06285,14.04656,0.40433468,0.00171038,-39.75274,-13.02158,-0.8120808,0.04184
L30,0,Restricted_L30,4.33,5.45,10.58,11.62,7.995,3.151670192,62,466.57356,-0.230003,123,-0.050182,0.179821,59,9.202,9.278,10.764,18.171,0.475518803,0.987339709,1.708482,6.983189,3.006643,18.600943,255.1335,3914.54194,1.3356,-72.70941,23.7378,1802.53973,878.04887,924.49086,-0.00517711,0.01319722,-0.02262839,0.00047407,0.12094224,0.01830527,0.4907383,281.8,222.96,8.18494,14.27757,0.40391799,0.00170961,-41.23063,-13.01516,-0.8135154,0.041699
L31,0,Restricted_L31,10.03,9.97,10.5,13.62,11.03,1.509354167,39,278.34899,-0.227308,74,-0.043197,0.184111,34,7.707,7.068,8.604,15.342,0.494679822,0.995328922,1.064582,4.718646,3.161986,20.582306,161.7793,2359.54429,1.3219,-76.73369,22.21873,1159.756,659.45353,500.30247,-0.00404848,0.01343659,-0.02709572,0.00074689,0.06867191,0.02009771,0.52596741,180.09,144.67,8.03535,14.65854,0.40672652,0.00162801,-39.97434,-13.13305,-0.8012657,0.047864
L32,0,Restricted_L32,8.59,8.09,11.46,8.86,9.25,1.305507564,29,224.2584,-0.229173,59,-0.046395,0.182778,27,6.787,4.92,9.042,13.504,0.491662419,0.994843082,0.628402,2.474898,3.005312,20.649431,217.8542,1855.24167,1.3545,-74.29819,24.06387,946.82098,463.41077,483.41022,-0.00494067,0.01766336,-0.02660954,0.00071386,0.11111256,0.02242864,0.60493445,115.78,149.35,8.06171,14.83413,0.41114632,0.00200181,-39.40781,-12.95409,-0.8327271,0.049684
L33,0,Restricted_L33,8.03,7.59,9.05,9.22,8.4725,0.683168171,36,286.32796,-0.226071,75,-0.064882,0.16119,33,7.419,7.03,8.631,14.724,0.484581208,0.992317024,1.033086,4.740514,3.457233,20.955334,289.4345,2299.88253,1.3951,-73.68554,24.96081,1129.77357,547.41059,582.36298,-0.00484275,0.01646418,-0.02487088,0.00064407,0.11848683,0.02095623,0.56593073,145.89,170.48,8.12369,14.81634,0.40696073,0.00178302,-40.2603,-13.08525,-0.8492983,0.050871
L34,1,Restricted_L34,9.28,9.57,10.86,13.78,10.8725,1.780889876,59,386.53017,-0.230785,104,-0.045496,0.18529,55,7.877,9.59,10.408,15.073,0.429785293,0.956772883,1.640708,7.119036,3.050701,15.051886,212.4294,3373.82345,1.2838,-71.99636,22.31591,1564.55841,693.63012,870.92828,-0.00409475,0.01232922,-0.01717523,0.00049338,0.13711091,0.01499933,0.40890008,292.45,145.67,8.08068,14.7564,0.40467945,0.00132123,-40.18173,-13.0079,-0.7650497,0.039529
L35,0,Restricted_L35,4.18,3.93,8.48,6.07,5.665,1.823711874,62,474.55416,-0.227442,125,-0.053581,0.17386,55,10.916,6.853,13.123,21.535,0.518778155,0.986396116,0.953268,4.510684,1.518251,38.710991,333.5488,3896.67519,1.3647,-79.2569,32.95452,1868.90998,948.92875,919.98122,-0.00517317,0.01544901,-0.02644424,0.00070028,0.12944388,0.02131527,0.56766944,268.22,255.13,8.2686,14.77467,0.40746013,0.0016804,-39.96671,-12.97554,-0.8371775,0.050455
L36,0,Restricted_L36,19.1,10.77,8.95,10.47,12.3225,3.973357365,37,267.32628,-0.229633,71,-0.051325,0.178308,35,7.32,5.391,10.35,14.597,0.481145758,0.997062842,0.531913,2.993006,3.609761,29.238399,199.6666,2272.17207,1.3184,-95.14322,31.16744,1129.44176,559.83243,569.60933,-0.00701821,0.01674213,-0.03037072,0.00114484,0.10538985,0.02428615,0.64260796,148.89,167.38,8.07311,14.22411,0.40816152,0.00150836,-39.69794,-12.92765,-0.8150499,0.050193
L37,0,Restricted_L37,8.94,13.17,6.73,6.59,8.8575,2.658583975,68,524.57224,-0.191536,138,-0.025018,0.166519,65,7.944,11.494,12.3,15.396,0.39285532,0.969033233,2.154166,9.082593,1.91833,4.835293,270.5558,4510.61581,1.3032,-48.74152,16.59413,1917.89943,876.30743,1041.592,-0.00468621,0.01092368,-0.01781906,0.00019571,0.15832697,0.01465378,0.39914992,327,210.06,6.69693,13.70013,0.40085442,0.00194098,-32.86676,-13.09302,-0.7616879,0.029088
,,Restricted_L38,55.51,21.39,6.83,27.46,27.7975,17.66910209,87,554.54914,-0.167696,145,-0.002665,0.165031,69,7.273,10.252,13.283,14.046,0.373752694,0.965626289,1.886774,8.158581,1.935407,12.873536,148.2638,4769.97568,1.3028,-54.81887,15.58281,1801.85049,1144.41605,657.43444,0.00073892,0.00778213,-0.0115214,0.00025548,0.10050245,0.00897193,0.24888788,433.48,71.09,6.03882,13.64779,0.40132589,0.00117821,-28.50731,-12.8992,-0.7097199,0.013532
,,Restricted_L39,52.94,19.55,11.11,6.18,22.445,18.24389281,75,542.45385,-0.174712,139,-0.01802,0.156692,75,7.374,9.708,12.298,14.016,0.389095553,0.950366151,1.745886,6.990207,2.18307,11.794117,242.2766,4436.86224,1.37,-53.55215,16.64103,1707.26384,959.68534,747.5785,-0.00132004,0.01022521,-0.01614098,0.0002709,0.12866961,0.01301741,0.34873049,336.81,141.27,6.12715,13.68213,0.40190348,0.00160252,-32.87092,-12.97278,-0.7392012,0.019381
L40,0,Restricted_L40,16.59,19.21,4.87,5.31,11.495,6.473505619,52,398.41724,-0.18598,105,-0.025029,0.160951,44,8.015,7.758,12.257,15.997,0.44421304,0.99794136,1.312294,5.330225,3.591334,12.068216,340.5448,3428.90206,1.3021,-51.81814,25.03078,1497.10572,779.66489,717.44083,-0.00250519,0.01353293,-0.01993431,0.00028697,0.16367499,0.01679826,0.45172506,227.25,191.98,6.33349,13.65806,0.39776485,0.00222106,-32.75598,-12.96165,-0.7507196,0.028823
L41,0,Restricted_L41,19.37,22.8,12.41,12.11,16.6725,4.577337518,46,282.34164,-0.175317,77,-0.017248,0.158069,44,6.172,8.391,9.568,12.019,0.400927347,0.973671419,1.535682,5.93087,2.854781,8.579868,91.6197,2713.75759,1.1659,-56.65492,18.09149,1177.70643,643.79706,533.90937,-0.00074565,0.00993332,-0.01362254,0.00036587,0.12713821,0.01169741,0.31581029,256.04,73.75,6.09671,13.63142,0.39653946,0.00160024,-32.63148,-12.99871,-0.6779676,0.015109
L42,0,Restricted_L42,5.14,20.99,3.72,3.5,8.3375,7.331992823,72,506.59841,-0.185916,135,-0.003725,0.182191,58,7.607,8.772,12.709,14.863,0.408953335,0.976929144,1.487091,6.382428,3.023295,9.129204,50.3566,4454.95783,1.2743,-56.29486,19.18624,1850.83028,1059.29108,791.5392,-0.0028011,0.01168672,-0.02218967,0.00036189,0.11096221,0.01670835,0.44023892,320.89,197.4,6.35867,13.54581,0.3953608,0.00194784,-33.6479,-12.99613,-0.7424001,0.027305
,,Restricted_L43,52.28,18.77,6.75,10.21,22.0025,18.01997416,60,481.34796,-0.198643,121,-0.022621,0.176022,55,7.443,10.033,12.489,14.27,0.387856056,0.958618836,1.690531,7.778376,2.722207,18.544869,257.2264,3731.60937,1.4455,-65.01715,19.18455,1608.6084,813.76569,794.84271,-0.00340628,0.01253129,-0.01972328,0.00039392,0.13057568,0.01636589,0.43769469,264.95,185.51,6.60499,14.13537,0.40668411,0.00176279,-38.72714,-13.01617,-0.7483299,0.025604
,,Restricted_L44,48.31,17.54,7.73,7.4,20.245,16.70763673,63,495.37458,-0.199135,125,-0.022726,0.176409,54,7.661,9.732,13.19,15.074,0.396725971,0.983814123,1.729536,7.532588,2.511894,17.17612,239.2435,3888.02241,1.4277,-63.96895,19.27112,1676.86837,840.10865,836.75971,-0.0039668,0.01191857,-0.01991574,0.00036257,0.12676012,0.01619004,0.43291051,277.46,192.11,6.56817,13.86311,0.40569605,0.00166627,-38.19745,-13.10934,-0.7453317,0.025248
,,Restricted_L45,48.45,18.09,9.12,6.08,20.435,16.76629431,64,529.3909,-0.199084,133,-0.023116,0.175969,62,9.171,9.563,13.41,18.247,0.442673459,0.99482063,1.630299,7.1075,2.308156,16.497635,233.9338,4084.88042,1.4523,-62.45475,19.53377,1795.02582,900.27157,894.75425,-0.0036986,0.01220232,-0.01969758,0.00032226,0.11659906,0.01617677,0.43370685,295.77,206.88,6.52906,14.32864,0.40582169,0.00188426,-39.55684,-13.11013,-0.7703903,0.028977
,,Restricted_L46,53,18.78,10.1,6.93,22.2025,18.3024539,61,515.36429,-0.197803,129,-0.024341,0.173462,60,7.716,8.825,11.505,14.33,0.413444893,0.928589943,1.499275,6.426925,2.301514,14.855893,356.8359,3931.54019,1.4689,-64.69036,19.54418,1659.33942,829.81911,829.5203,-0.00397035,0.01263874,-0.02058541,0.00037878,0.11665246,0.01686996,0.45201817,265.65,199.01,6.47772,14.63526,0.40737191,0.00194376,-40.28618,-13.12111,-0.7724118,0.02904
,,Restricted_L47,49.03,13.53,10.3,8.27,20.2825,16.70303472,57,441.32708,-0.193542,111,-0.016388,0.177154,29,6.758,9.532,12.766,13.439,0.37605283,0.994303048,1.640174,6.898949,2.039487,10.556052,207.8095,3495.43321,1.4148,-56.89177,17.25197,1448.16448,814.46076,633.70372,-0.00199612,0.01032214,-0.01782803,0.00028525,0.13121055,0.01393118,0.37025575,272.78,132.75,6.50846,13.69498,0.40320783,0.00185031,-32.52975,-13.11927,-0.7412977,0.021974
L48,0,Restricted_L48,7.57,18.88,7.98,6.72,10.2875,4.981653215,60,437.51355,-0.191762,116,-0.056998,0.134764,48,7.604,11.023,12.598,14.474,0.379944875,0.951735928,1.955592,8.590971,2.61068,16.470067,227.2443,3718.15185,1.3186,-63.30832,19.69987,1669.2866,786.06756,883.21904,-0.00496676,0.01196914,-0.02003977,0.00033969,0.1399454,0.01635309,0.44189397,268.41,199.04,6.62693,14.10543,0.40184243,0.00166796,-40.01484,-13.08384,-0.777204,0.036792
L49,0,Restricted_L49,14.14,18.59,10.73,7.85,12.8275,4.003251023,56,380.46378,-0.186764,102,-0.017366,0.169399,54,7.434,8.153,12.421,14.829,0.418862808,0.997376917,1.407433,6.107118,2.058214,12.836098,147.5321,3318.75062,1.2846,-63.794,17.66979,1464.69894,787.17965,677.51929,-0.00354832,0.01031411,-0.01965446,0.00038264,0.09503659,0.01517338,0.39822869,273.66,136.5,6.45028,14.19946,0.40345684,0.00159632,-40.33351,-12.89156,-0.7435129,0.030163
,,Restricted_L50,15.23,19.93,8.45,6.11,12.43,5.474321876,63,429.53458,-0.195775,115,-0.021085,0.17469,56,7.501,11.129,11.484,14.072,0.383590023,0.938008266,1.935773,8.865782,2.181208,12.343405,191.0734,3776.09135,1.2747,-61.57889,18.94865,1659.81943,833.07228,826.74714,-0.00365369,0.01065771,-0.01807457,0.00029323,0.13237008,0.01463557,0.39053793,299.68,165.11,6.67624,14.17636,0.40289147,0.00142069,-41.66948,-12.91614,-0.7525806,0.03
L51,1,Restricted_L51,13.38,20.89,7.29,5.82,11.845,5.941735857,57,401.48134,-0.197032,107,-0.023073,0.173959,55,7.53,9.748,11.662,15.027,0.412410462,0.997808765,1.712388,7.625955,2.669472,10.367288,182.1093,3488.96025,1.2895,-60.75598,16.72678,1521.72994,761.83573,759.89421,-0.00310641,0.01119178,-0.01744114,0.00030523,0.13527697,0.01452308,0.38946222,269.72,156.4,6.5315,13.82582,0.40287262,0.00161955,-41.0553,-13.11323,-0.7573,0.032404
,,Restricted_L52,62.27,55.68,16,4.62,34.6425,24.77270915,39,331.19023,-0.201313,81,-0.018582,0.182731,39,7.478,7.396,7.423,14.76,0.499002671,0.986894892,1.25647,5.154142,1.562651,14.973657,179.5135,2442.40951,1.5195,-49.79051,20.61729,1159.90584,625.09604,534.8098,-0.00193165,0.01354212,-0.0200177,0.00032176,0.14605931,0.01673503,0.44974663,178.73,146.08,7.9902,14.47421,0.41362413,0.00172562,-39.75122,-12.69608,-0.7749649,0.033276
L53,0,Restricted_L53,17.38,24.07,6.84,6.86,13.7875,7.32962951,56,409.52466,-0.199064,109,-0.01785,0.181214,48,7.49,7.604,12.327,14.962,0.428796607,0.998798398,1.203245,5.073093,6.215505,28.378528,347.735,3497.59924,1.3121,-55.72895,44.88581,1499.12264,818.84289,680.27975,-0.00135534,0.01833673,-0.02505841,0.00061338,0.19005368,0.02153772,0.58196801,185.39,234.4,6.36272,13.64391,0.40075713,0.00172897,-37.92179,-12.86156,-0.7331159,0.028674
L54,0,Restricted_L54,22.17,20.12,5.84,6.87,13.75,7.43935145,63,471.59422,-0.198469,125,-0.025854,0.172615,61,8.087,11.482,11.944,15.143,0.392621017,0.936255719,1.980928,9.644104,4.977106,27.57752,322.4236,3992.3592,1.3237,-66.38876,36.85045,1761.31753,846.281,915.03653,-0.00560622,0.01515778,-0.02481001,0.00064189,0.12065788,0.02045122,0.54891581,242.02,251.2,6.46917,13.68722,0.39980697,0.00179311,-37.29703,-13.084,-0.762314,0.031431
L55,0,Restricted_L55,8.54,6.7,6.4,5.41,6.7625,1.131820988,88,597.78981,-0.199646,160,-0.045474,0.154172,71,10.177,7.796,16.522,17.362,0.416554702,0.853001867,1.049618,5.338144,1.198409,26.582928,274.0948,5172.89684,1.295,-35.54481,17.96164,2364.7359,1231.67744,1133.05846,-0.00228632,0.01094803,-0.01667255,0.00020988,0.17972289,0.0139319,0.37254897,413.87,248.32,8.43231,14.41382,0.40241416,0.00118072,-39.08764,-13.11235,-0.7986042,0.049895
L56,0,Restricted_L56,5.52,8.22,32.16,5.9,12.95,11.13894519,56,415.46487,-0.190208,110,-0.095671,0.094537,54,7.731,7.906,12.066,14.312,0.417454206,0.925624111,1.325318,5.476824,4.042352,22.214984,230.0627,3446.02587,1.351,-41.58838,20.81429,1529.03255,828.64663,700.38593,-0.00254128,0.01356988,-0.02160286,0.00023201,0.17347374,0.01753681,0.46938142,217.84,210.34,7.26523,13.85887,0.39821792,0.00156984,-36.98002,-13.05081,-0.7861095,0.043094
L57,1,Restricted_L57,12.44,22.41,8.82,7.13,12.7,5.925179322,54,387.45473,-0.197741,103,-0.034777,0.162964,52,7.761,9.272,11.277,15.499,0.429954505,0.998518232,1.764394,6.94757,2.673193,15.761722,175.904,3347.11812,1.2972,-62.53835,19.36609,1525.95845,742.6591,783.29935,-0.00429363,0.01177124,-0.01952501,0.00033976,0.12740242,0.01594483,0.4286168,253.8,173.51,6.46724,14.25243,0.40227533,0.00172376,-40.54014,-13.10166,-0.7606768,0.033525
L58,1,Restricted_L58,6.77,18.67,9.04,7.43,10.4775,4.801465271,58,417.48075,-0.19075,111,-0.039702,0.151048,54,7.469,9.531,13.539,14.642,0.388258379,0.980184764,1.550632,7.292829,3.557006,20.300473,308.9018,3550.707,1.3176,-63.19544,25.18053,1544.79411,715.41115,829.38296,-0.00405904,0.01357227,-0.01926749,0.00036795,0.182976,0.01666325,0.45252455,239.42,193.16,6.37967,15.12449,0.40521544,0.00182401,-40.18195,-13.12139,-0.7747037,0.039256
L59,1,Restricted_L59,12.72,22.36,9.12,10.71,13.7275,5.144644667,57,455.45273,-0.201017,119,-0.053392,0.147624,55,7.455,9.5,13.213,14.417,0.388284406,0.966934943,1.545751,7.21586,2.865818,27.402567,228.2334,3555.54799,1.4354,-55.56458,20.56107,1550.65034,806.52486,744.12548,-0.00083881,0.01306039,-0.01590353,0.00025672,0.1860103,0.01447094,0.3925175,265.26,168.97,6.57819,16.30541,0.41939955,0.00300032,-43.2495,-13.10168,-0.8435218,0.069407
L60,0,Restricted_L60,12.49,22.66,8.97,7.14,12.815,6.00040207,54,387.45473,-0.196729,103,-0.037177,0.159552,47,8.188,9.456,11.489,16.257,0.436992635,0.992733268,1.714106,6.940187,2.411657,15.579242,189.0976,3349.1503,1.2964,-61.99771,17.20424,1534.43534,776.15276,758.28257,-0.00404,0.01132517,-0.01976729,0.00034177,0.11787325,0.01582709,0.42169672,258.86,170.83,6.44584,13.93089,0.40264674,0.00176926,-39.81248,-13.09754,-0.763873,0.033573
L61,0,Restricted_L61,12.18,22.44,8.97,7.18,12.6925,5.905951977,54,387.45473,-0.19684,103,-0.03793,0.15891,47,8.211,10.315,11.784,16.414,0.426193753,0.999512849,1.783024,8.074567,2.586253,16.142647,173.5695,3362.97988,1.291,-62.76337,18.28244,1556.10428,796.1055,759.99878,-0.00373793,0.01147941,-0.01967824,0.00037083,0.11761786,0.01589213,0.42133308,262.64,173.12,6.44703,14.35031,0.40199116,0.00177084,-39.67101,-12.92489,-0.7607971,0.03495
L62,0,Restricted_L62,12.34,22.84,8.89,7.25,12.83,6.064243564,58,413.49208,-0.196829,110,-0.037846,0.158983,50,8.449,9.483,11.3,16.794,0.44692232,0.993845425,1.74877,7.379153,2.341983,14.449364,172.8941,3543.24099,1.3077,-62.33651,17.91605,1613.13678,835.8927,777.24408,-0.00401341,0.01043023,-0.01954693,0.00036003,0.12053875,0.01535108,0.40335035,280.81,170.91,6.4361,14.06573,0.40195456,0.00176822,-40.03423,-13.11283,-0.7631101,0.033124
L63,0,Restricted_L63,8.19,22.6,8.99,7.13,11.7275,6.311815805,52,407.44444,-0.197054,107,-0.041069,0.155984,49,7.824,10.066,11.121,15.557,0.423388853,0.99418456,1.964322,7.839275,2.596689,13.764972,232.1502,3387.63841,1.3478,-65.24905,18.64544,1575.01716,753.94804,821.06912,-0.00505621,0.01264347,-0.02130896,0.00037109,0.11548613,0.01733781,0.46697069,238.23,202.82,6.46072,14.5534,0.40275356,0.00208313,-39.68321,-13.08934,-0.7935779,0.037073
L64,0,Restricted_L64,12.69,23.1,8.93,7.22,12.985,6.166005595,51,373.42811,-0.197163,99,-0.038347,0.158816,44,7.586,9.04,11.339,15.101,0.425620068,0.995320327,1.733962,6.849057,2.384589,15.128786,177.51,3199.08216,1.3081,-61.32053,18.89963,1477.87208,720.75493,757.11715,-0.00436369,0.01173027,-0.0196847,0.00033693,0.13023801,0.01605302,0.43008524,242.79,171.05,6.4435,14.10304,0.4030358,0.00183351,-39.97145,-12.99535,-0.7665941,0.034326
L65,0,Restricted_L65,13.2,16.52,6.19,6.14,10.5125,4.503206496,64,553.47676,-0.19918,143,-0.038841,0.160338,55,8.445,12.207,13.857,16.439,0.386772698,0.973297809,2.103912,7.815667,4.735283,31.041828,602.7486,4027.30025,1.54,-55.00366,29.2939,1867.04718,939.15885,927.88834,0.00050673,0.01629548,-0.01547379,0.0002825,0.23956861,0.01588791,0.43231043,291.49,231.33,6.65002,16.27339,0.43122267,0.00351586,-43.18908,-13.20832,-0.8981454,0.087806
L66,0,Restricted_L66,13.49,22.5,8.23,6.42,12.66,6.246539042,63,591.44874,-0.210448,151,-0.057832,0.152617,47,8.127,10.013,14.371,16.022,0.396525269,0.98572659,1.688956,7.248072,2.348677,20.54883,618.553,4008.73621,1.6533,-45.54122,24.0091,1760.52217,1040.99929,719.52289,0.00415561,0.01621204,-0.01328753,0.00021648,0.24999332,0.01457291,0.40862782,292.86,200.14,6.81935,16.32404,0.44569007,0.00402342,-43.19406,-13.39127,-0.9668905,0.097769
L67,0,Restricted_L67,12.91,21.32,5.48,5.86,11.3925,6.450276641,60,523.45074,-0.205896,135,-0.040207,0.165689,43,8.478,10.655,13.162,16.349,0.407035801,0.964201463,1.764598,7.81983,3.952847,21.125674,512.466,3805.2059,1.5415,-52.82397,22.68431,1758.32515,947.4684,810.85675,0.00142061,0.01508081,-0.01454103,0.00024825,0.22315204,0.01476343,0.40359633,286.73,205.65,6.71482,16.27704,0.43121182,0.00361022,-43.16355,-13.06085,-0.8988154,0.087307
L68,0,Restricted_L68,5.51,12.92,4.28,3.94,6.6625,3.659674678,78,622.67401,-0.18872,163,-0.043371,0.14535,68,8.145,11.379,12.193,15.727,0.4001883,0.96543892,2.394633,8.965942,2.468657,17.556867,479.8614,5076.07077,1.3746,-49.57997,15.18149,2003.386,979.79563,1023.59036,-0.00368047,0.01134417,-0.01806227,0.00020233,0.15610693,0.0149359,0.40209313,332.27,228.73,6.62149,13.66918,0.4021619,0.00189907,-36.3443,-13.09916,-0.7709527,0.030738
L69,1,Restricted_L69,4.62,6.16,6.64,6.71,6.0325,0.842537091,93,622.83913,-0.220909,167,-0.00507,0.21584,67,9.259,8.871,12.257,17.412,0.451790348,0.940274328,1.631284,6.471067,0.787767,23.565249,376.0284,5371.10928,1.2994,-80.90189,19.04886,2132.56905,1058.594,1073.97505,-0.004254,0.01143006,-0.01971343,0.00064036,0.08938426,0.01612011,0.42454156,386.6,210.58,8.1207,14.72552,0.4035111,0.00124024,-42.43041,-13.22453,-0.7736744,0.038718
L70,1,Restricted_L70,7.58,6.53,5.38,3.72,5.8025,1.432137825,91,598.81766,-0.225049,161,-0.003995,0.221053,64,9.422,10.488,11.926,18.418,0.45106779,0.977393335,1.96525,8.057002,1.302125,17.185361,225.0053,5287.92898,1.269,-86.75637,20.16722,2164.77081,1220.46742,944.30339,-0.00433233,0.01066416,-0.02371458,0.00070094,0.06191181,0.01737218,0.44509495,398.47,207.72,8.16679,14.23647,0.40141513,0.00132268,-42.50157,-13.16458,-0.7790783,0.038713
L71,1,Restricted_L71,5.89,6.37,5.23,4.13,5.405,0.840044642,131,903.20238,-0.225368,241,-0.012986,0.212382,68,9.886,10.085,17.11,17.729,0.394644288,0.896672062,1.785554,7.636072,1.850779,24.09239,474.0047,7756.05004,1.3049,-83.99096,20.90548,2945.77796,1502.50763,1443.27033,-0.00503818,0.01095535,-0.02168813,0.00049461,0.08523032,0.01686498,0.44120068,514.3,310.6,8.22597,13.70575,0.40111243,0.00136963,-39.04999,-13.11206,-0.7882746,0.03521
,,Restricted_L72,8.13,7.3,12.06,13.65,10.285,2.647078578,45,332.39649,-0.23103,88,-0.002662,0.228369,35,7.345,7.875,10.429,14.091,0.434974533,0.959223962,1.414333,5.506807,2.378349,7.993965,111.7408,2752.43785,1.3533,-84.95702,19.0845,1338.03495,731.54998,606.48497,-0.0054835,0.01277452,-0.02750657,0.00080366,0.0548572,0.02041133,0.52931717,210.8,163.88,8.13361,14.77849,0.41129446,0.00190376,-40.65896,-13.13254,-0.8065423,0.044261
L73,1,Restricted_L73,3.7,5.25,4.1,4.07,4.28,0.581764557,65,484.58884,-0.229928,128,-0.00701,0.222917,65,9.009,7.671,10.057,17.988,0.503639825,0.998334998,1.409673,5.156607,2.672911,25.047662,261.0499,4012.98193,1.3532,-82.09536,21.97366,1802.90532,919.54717,883.35815,-0.00517877,0.01364534,-0.02477406,0.00059055,0.09513484,0.01964888,0.51968326,265.07,239.8,8.24762,14.164,0.4074357,0.00173593,-41.03375,-13.11907,-0.8066736,0.041919
L74,1,Restricted_L74,7.96,8.41,12.29,13.21,10.4675,2.311042784,53,362.4656,-0.233171,97,-0.003209,0.229962,49,7.317,8.336,11.053,14.055,0.420254754,0.960434604,1.603116,5.851127,1.820446,7.72906,116.7203,3129.96234,1.2977,-83.31333,18.78194,1454.13733,831.94364,622.1937,-0.00462853,0.01129644,-0.02592202,0.00075271,0.05683245,0.0186416,0.4776797,253.3,153.9,8.0762,14.68908,0.40790124,0.00168248,-41.71292,-13.13544,-0.7837754,0.038995
L75,1,Restricted_L75,3.53,5.74,3.9,3.94,4.2775,0.859371136,73,514.65796,-0.229411,137,-0.00785,0.221561,72,9.124,8.729,9.755,18.108,0.494862265,0.992327926,1.582813,6.275291,2.008443,24.079357,318.3621,4383.81906,1.3156,-79.54154,21.878,1897.26638,1034.16371,863.10266,-0.00457718,0.01236188,-0.02487345,0.0005453,0.09728231,0.0187815,0.49126438,306.92,224.37,8.24479,14.10266,0.40549898,0.00156859,-42.51458,-13.12669,-0.7951777,0.038809
L76,1,Restricted_L76,9,6.68,4.53,4.35,6.14,1.8886106,115,711.0306,-0.224555,193,-0.002984,0.22157,109,9.261,10.265,12.732,18.398,0.444449813,0.993305259,1.988707,7.918895,1.51654,20.230575,268.7532,6458.26136,1.2337,-81.47753,19.63143,2435.01031,1397.22227,1037.78804,-0.00230745,0.00970909,-0.01848588,0.00052249,0.07828183,0.01396489,0.36598516,500.92,180.95,8.18244,14.20441,0.4019381,0.00101459,-42.84047,-13.18254,-0.7541279,0.033905
L77,1,Restricted_L77,9.19,9.54,10.36,10.62,9.9275,0.583239873,47,334.41237,-0.233634,89,-0.002591,0.231044,43,7.405,8.136,10.074,14.202,0.438171048,0.958946658,1.456154,5.850589,1.750144,7.48525,106.9961,2835.52937,1.3216,-82.8165,18.18274,1364.73678,784.72745,580.00933,-0.00490694,0.01166858,-0.0273329,0.00075337,0.05520915,0.01938899,0.49867242,228.26,153.9,8.1458,14.70331,0.4089344,0.00175842,-41.57606,-13.12802,-0.7937313,0.042482
L78,1,Restricted_L78,4.64,6.62,8.52,9.75,7.3825,1.936599791,67,486.60472,-0.226647,129,-0.013102,0.213545,65,9.14,10.108,12.382,17.982,0.444307175,0.983698031,1.976559,7.644737,1.868169,24.01046,185.5453,4123.4319,1.3224,-80.9125,17.08335,1916.19759,1031.16034,885.03725,-0.00429459,0.01122835,-0.02238042,0.00052712,0.07306339,0.01699431,0.44569998,331.13,205.46,8.22028,13.70089,0.40399724,0.0015896,-42.42743,-13.09109,-0.8016355,0.040455
L79,1,Restricted_L79,3.99,5.55,7.47,7.56,6.1425,1.479516391,67,486.60472,-0.229983,129,-0.00788,0.222103,66,9.083,7.936,9.826,18.07,0.504297834,0.994715402,1.420754,5.415255,2.029321,24.142384,291.6868,4094.7631,1.3317,-79.64357,21.77039,1827.89704,984.74587,843.15117,-0.00471546,0.01286492,-0.0252482,0.00054552,0.09437148,0.01924295,0.50550411,284.45,227.41,8.25898,14.39083,0.40582816,0.00162796,-41.96069,-13.11766,-0.7975533,0.040916
L80,1,Restricted_L80,3.49,6.5,6.86,4.88,5.4325,1.346836571,87,638.79708,-0.2284,169,-0.014824,0.213575,80,9.468,8.819,14.62,18.674,0.44342602,0.986163921,1.669884,6.45746,2.046144,23.36775,316.2479,5341.65214,1.3401,-78.70485,20.34897,2290.91579,1175.21174,1115.70405,-0.00518669,0.01127564,-0.02252706,0.00043734,0.08145484,0.01728537,0.45593272,384.61,256.91,8.27431,13.69889,0.40442147,0.00160276,-41.74011,-13.08848,-0.798741,0.036751
L81,0,Restricted_L81,5.33,7.07,13.55,13.59,9.885,3.736023956,53,362.4656,-0.229445,97,-0.00051,0.228935,49,9.743,6.661,9.894,19.468,0.540432501,0.99907626,1.0594,4.262501,1.560473,18.397705,263.6334,3144.86587,1.2915,-75.87623,17.08524,1506.34029,846.88051,659.45978,-0.00244537,0.01129906,-0.02009602,0.00051404,0.0758684,0.01558082,0.41226005,273.3,148.51,8.06448,14.40589,0.40719261,0.00152118,-40.91424,-13.12214,-0.7792815,0.039721
L82,1,Restricted_L82,4.45,6.95,3.42,4.74,4.89,1.286526331,77,562.7009,-0.228823,149,-0.009504,0.219319,75,9.499,9.555,10.943,18.948,0.480352887,0.997368144,1.711602,6.653199,2.198657,32.39091,258.0667,4708.53777,1.3392,-79.29735,23.22586,1984.81672,1076.05378,908.76295,-0.00393931,0.01344724,-0.02452648,0.00051425,0.09756679,0.01905567,0.50395348,299.94,255.87,8.25036,13.6635,0.40486207,0.00161386,-42.93885,-13.11476,-0.8019282,0.039652
L83,1,Restricted_L83,3.21,3.75,5.53,6.41,4.725,1.297410883,97,714.89326,-0.229277,189,-0.014462,0.214816,90,9.059,10.716,13.507,17.492,0.419321587,0.965448725,2.062615,8.189311,2.069746,20.899867,468.0416,5944.03388,1.3477,-84.38706,21.72764,2443.17304,1206.10121,1237.07183,-0.00575602,0.01238733,-0.02344514,0.00052323,0.08220161,0.01842373,0.48943278,386.74,297.41,8.26578,13.71322,0.40260276,0.00166271,-38.61004,-12.53655,-0.80948,0.03629
L84,1,Restricted_L84,4.57,5.72,5.87,4.16,5.08,0.73147112,67,486.60472,-0.232316,129,-0.007613,0.224704,53,7.593,9.919,10.56,14.523,0.414919147,0.956341367,2.062787,8.132613,2.281687,18.406127,228.3299,4080.71355,1.3362,-83.83223,20.59287,1716.11973,944.42148,771.69825,-0.00429551,0.01340053,-0.02595231,0.00065659,0.06919711,0.01971425,0.51823451,258.32,222.24,8.23016,14.19126,0.40538817,0.00171455,-42.40788,-13.10739,-0.7968187,0.04062
L85,1,Restricted_L85,3.54,7.1,2.58,3.4,4.155,1.739389261,87,638.79708,-0.229006,169,-0.010532,0.218474,83,9.541,8.962,12.453,18.931,0.469216279,0.992086783,1.720156,6.56198,2.292454,33.174914,260.1362,5311.70025,1.3476,-80.6607,22.02462,2133.76509,1140.18068,993.58441,-0.00391994,0.01379784,-0.02425185,0.00051502,0.10101622,0.0191379,0.50792047,310.92,286.6,8.28436,13.66187,0.40405254,0.00162308,-43.23219,-13.11962,-0.8063351,0.039555
L86,1,Restricted_L86,6.17,5.61,6.27,5.93,5.995,0.2543128,111,751.01002,-0.225788,201,-0.009108,0.21668,68,9.621,9.851,15.527,17.299,0.405347142,0.899022971,1.801485,7.41688,1.381347,32.245931,315.4938,6529.79925,1.2888,-83.55879,22.81217,2642.83834,1449.30216,1193.53618,-0.00412773,0.01116002,-0.02269155,0.00054678,0.09070046,0.01713062,0.44539025,465.58,274.49,8.24394,13.64891,0.40076417,0.0013091,-43.09869,-13.12224,-0.785978,0.038483
L87,0,Restricted_L87,12.13,10.28,12.12,10.74,11.3175,0.823722496,45,266.37971,-0.230546,73,0.029983,0.260529,39,6.767,7.464,7.999,13.53,0.466664367,0.999704448,1.279187,4.698757,1.314631,16.165845,35.7409,2465.32945,1.2108,-78.59098,18.23651,1172.12519,669.52902,502.59617,-0.00282661,0.0098312,-0.0196886,0.00074023,0.07193717,0.01477284,0.38253646,237.33,90.9,8.0813,14.08415,0.41051807,0.00102077,-41.69343,-12.99686,-0.7269675,0.033535
L88,0,Restricted_L88,13.6,12.66,13.15,11.93,12.835,0.619293953,51,294.43295,-0.230955,81,0.028719,0.259674,41,7.036,7.132,9.104,14.035,0.463645073,0.997370665,1.247694,4.780852,1.556769,16.912097,23.9711,2757.54013,1.1965,-76.01439,18.36641,1278.97986,722.05294,556.92692,-0.00294494,0.00976172,-0.01941906,0.00060734,0.08199437,0.01457815,0.38006065,256.05,102.1,8.06975,14.17326,0.40841939,0.00084188,-41.31532,-13.23359,-0.7182281,0.030216
L89,0,Restricted_L89,5.58,6.74,10.98,14.34,9.41,3.484522923,46,340.41855,-0.229528,90,-0.046593,0.182935,42,7.969,7.074,11.914,15.234,0.445152241,0.955828837,1.106301,4.737376,2.903236,25.76598,218.3854,2879.86244,1.3246,-74.11296,24.84745,1394.0712,697.1302,696.941,-0.0043945,0.01375461,-0.02254853,0.00057503,0.11542663,0.01846843,0.49391308,218.82,171.56,8.12547,14.41115,0.40670682,0.00157323,-41.20624,-13.03085,-0.8110995,0.044994
L90,0,Restricted_L90,6.86,6.76,11.14,14.45,9.8025,3.213381202,42,314.3812,-0.230382,83,-0.04766,0.182723,41,7.224,7.602,8.474,13.693,0.459975142,0.947743632,1.288391,5.298692,2.99039,27.354849,233.6887,2644.61593,1.3321,-73.14838,23.96398,1262.1785,641.58617,620.59232,-0.00465394,0.01458489,-0.0245436,0.00062219,0.12446123,0.01991017,0.53011649,187.2,166.25,8.13769,14.41034,0.40725274,0.00166972,-41.22326,-12.98895,-0.809942,0.045694
L91,0,Restricted_L91,12.2,22.85,8.92,7.19,12.79,6.080472843,54,387.45473,-0.197332,103,-0.037942,0.15939,47,7.613,8.828,11.238,15.065,0.428823546,0.989425982,1.684063,6.762844,2.424419,15.133347,175.1448,3345.28831,1.2979,-61.3658,18.12267,1525.67606,751.9703,773.70576,-0.00412008,0.01128115,-0.01908866,0.00033718,0.13032185,0.01553497,0.41471563,256.58,170.66,6.45124,14.13546,0.40280297,0.00179042,-40.29584,-13.09868,-0.7628697,0.033262
L92,1,Restricted_L92,14.21,22.35,8.86,7.3,13.18,5.881891703,58,413.49208,-0.197461,110,-0.038293,0.159169,50,8.164,11.043,11.538,16.246,0.418420172,0.994977952,1.864127,8.835495,2.395694,13.974547,175.8878,3552.20919,1.3044,-64.00273,19.3903,1626.64663,806.84214,819.80448,-0.00439946,0.01086679,-0.01942433,0.00036903,0.11659061,0.01559017,0.41305935,279.64,175.87,6.48666,13.79605,0.40103713,0.00175224,-39.32118,-13.10031,-0.7608123,0.033034
L93,1,Restricted_L93,8.95,8.89,8.63,8.33,8.7,0.245153013,50,370.44457,-0.232079,98,-0.004271,0.227808,49,8.211,8.26,10.182,15.741,0.460492057,0.958531239,1.390429,5.933949,2.516741,16.117949,200.7551,2998.25999,1.3845,-78.87705,17.9101,1429.02544,753.27914,675.74629,-0.00494384,0.01184781,-0.02366211,0.00064251,0.08483125,0.01815687,0.47441581,235.56,164.61,8.10307,14.71209,0.40920855,0.00167979,-41.37147,-13.20211,-0.8031191,0.045363
L94,1,Restricted_L94,9.65,9.46,10.53,10.2,9.96,0.426790347,53,384.47119,-0.229912,102,-0.004,0.225912,52,8.092,8.167,10.858,15.7,0.45212383,0.97009392,1.401208,5.714001,2.357128,16.159163,188.7613,3136.74639,1.3735,-78.3206,18.13647,1465.3248,732.95416,732.37064,-0.00485439,0.01216343,-0.02188577,0.00058471,0.08825231,0.01756513,0.46321025,244.1,166.23,7.96149,14.59644,0.40803055,0.00160069,-40.49589,-13.19814,-0.7929173,0.042586
L95,1,Restricted_L95,8.75,9.08,7.43,7.44,8.175,0.749149518,56,398.49781,-0.230986,106,-0.004122,0.226864,55,8.218,8.267,11.069,15.783,0.449414847,0.960270139,1.397223,5.958776,2.352685,16.759861,173.0756,3272.49138,1.3646,-78.10037,17.78601,1518.92948,781.9673,736.96219,-0.00453104,0.01140428,-0.02143949,0.0006012,0.0892753,0.01692155,0.4428167,263.36,161.98,8.03868,14.61673,0.40717358,0.00157808,-41.67663,-13.20106,-0.7906244,0.040974
L96,1,Restricted_L96,6.96,11.52,10.38,10.35,9.8025,1.707547584,57,432.51414,-0.230868,114,-0.004742,0.226126,56,8.233,8.347,13.122,15.789,0.42377476,0.958884975,1.424722,6.059577,1.894145,16.368964,116.2987,3473.60375,1.3953,-77.03017,18.60416,1631.98739,832.0393,799.94809,-0.00490335,0.01249835,-0.02300315,0.00051935,0.08716121,0.01812626,0.48021196,260.61,196.4,8.14917,14.71231,0.40669905,0.00173234,-41.55819,-13.19351,-0.8155469,0.045905
L97,1,Restricted_L97,5.67,6.15,11.68,12.68,9.045,3.159434285,59,434.53002,-0.231196,115,-0.004937,0.226259,58,8.214,9.528,9.834,16.118,0.454284104,0.981129778,1.671896,6.893303,1.941351,20.822155,252.6817,3553.31378,1.3704,-80.34909,19.04903,1555.76928,800.22478,755.5445,-0.00520666,0.0126809,-0.02415204,0.00067388,0.08248422,0.01888566,0.49665534,246.73,188.93,8.08521,14.74766,0.40727853,0.00161879,-42.11295,-13.19504,-0.8030619,0.042293
L98,1,Restricted_L98,9.65,9.15,7.32,7.38,8.375,1.040348499,46,344.40722,-0.232808,91,-0.00441,0.228398,45,8.169,8.283,9.617,15.684,0.467008099,0.959970621,1.362761,5.977112,2.26266,15.205083,215.6004,2794.96289,1.3808,-78.11758,18.48834,1354.65308,696.40232,658.25077,-0.00515183,0.01285381,-0.02420105,0.00061517,0.08291156,0.01894887,0.49980894,210.52,168.82,8.0769,14.75251,0.40931785,0.00173647,-40.67721,-13.1962,-0.8133055,0.047665
L99,1,Restricted_L99,9.54,9.36,8.31,8.42,8.9075,0.54760273,59,412.52443,-0.230063,110,-0.0041,0.225962,58,8.127,8.225,11.863,15.701,0.438710218,0.965977606,1.457303,5.789601,2.290886,16.905219,169.3633,3420.14042,1.3516,-78.21273,18.33868,1573.55979,845.88921,727.67059,-0.00431515,0.01071295,-0.02178474,0.00059486,0.09084267,0.01661622,0.43083633,276.86,163.78,7.99141,14.63388,0.40587364,0.00153793,-41.60006,-13.2025,-0.7844508,0.040581
L100,1,Restricted_L100,3.58,5.41,4.71,3.6,4.325,0.775580428,69,546.60712,-0.227255,143,-0.007591,0.219665,68,8.28,8.667,11.184,16.496,0.453847635,0.996135266,1.550513,6.265152,3.242719,38.391684,193.3215,4210.2255,1.4548,-76.89192,22.62095,1734.05753,914.00825,820.04928,-0.00332091,0.01622711,-0.02510867,0.0005776,0.12637839,0.02074404,0.55585421,214.76,270.82,8.16572,15.69359,0.41590844,0.00209969,-42.89178,-13.22212,-0.8556314,0.056808
L101,1,Restricted_L101,4.66,5.87,11.94,11.07,8.385,3.164178408,117,779.06325,-0.218948,209,-0.005375,0.213574,88,10.903,10.04,13.163,21.612,0.482249247,0.991103366,1.882127,7.636606,0.565828,22.987177,405.4279,6518.37373,1.3393,-81.19567,19.37489,2515.11078,1390.87735,1124.23343,-0.00335975,0.00920386,-0.01890318,0.00064276,0.08444467,0.01436305,0.36842516,495.81,208.49,8.1026,14.75486,0.40046747,0.00128581,-42.54351,-12.97266,-0.7714811,0.036067
L102,1,Restricted_L102,7.7,7.41,7.71,7.91,7.6825,0.178237903,87,638.79708,-0.204702,169,-0.039356,0.165346,81,10.555,11.098,12.88,20.635,0.462533342,0.977498816,2.111947,8.793966,2.500323,15.723852,600.593,5283.93086,1.3547,-77.53256,19.5896,2361.08098,1091.01314,1270.06784,-0.0053851,0.01224995,-0.02053396,0.00038849,0.1275025,0.01676224,0.4545953,365.6,295.57,8.12765,14.64703,0.40417434,0.00150406,-41.88227,-13.13409,-0.8109239,0.042695
L103,1,Restricted_L103,7.34,7.35,7.43,7.42,7.385,0.040311289,101,762.9362,-0.204183,201,-0.039592,0.164591,95,10.734,11.289,12.938,21.175,0.466389146,0.986351779,2.156807,8.939597,1.708619,20.344364,770.0371,6200.43577,1.3788,-79.90683,20.73395,2500.54078,1212.58718,1287.9536,-0.00511429,0.01356778,-0.02270317,0.00048803,0.11291359,0.01852411,0.49723757,364.16,336.06,8.14757,14.75562,0.40223991,0.00162065,-42.48263,-13.1154,-0.8289881,0.042258
L104,1,Restricted_L104,8.51,8.34,7.94,8.34,8.2825,0.209568008,107,790.98944,-0.204787,209,-0.03601,0.168778,99,10.296,11.526,17.43,19.29,0.399825892,0.936771562,2.051342,9.26796,2.788308,32.062328,481.2517,6503.80763,1.3629,-73.78261,20.73426,2724.4954,1298.22459,1426.27081,-0.00400297,0.01237215,-0.01890798,0.00033043,0.14402693,0.01591797,0.42976714,447.54,315.4,8.0511,14.70674,0.40347218,0.00150118,-41.91426,-13.10149,-0.8110331,0.041859
L105,1,Restricted_L105,5.91,6.8,7.27,8.19,7.0425,0.823084898,65,484.58884,-0.229145,128,-0.008024,0.22112,64,9.26,8.616,9.889,18.511,0.500081046,0.999514039,1.461934,6.091169,2.622544,27.379279,252.7041,4014.57173,1.3526,-81.34503,21.89434,1812.00529,950.72661,861.27868,-0.00474058,0.01338377,-0.02474723,0.00057932,0.09387735,0.01937122,0.51116663,271.09,236.32,8.222,14.04378,0.40750194,0.00171161,-41.51223,-13.12236,-0.8038757,0.041654
L106,0,Restricted_L106,12.55,15.11,7.18,7.38,10.555,3.398503347,61,482.55305,-0.156008,127,0.00575,0.161757,59,9.235,8.591,10.581,18.464,0.490594112,0.999675149,1.435105,5.933361,7.89425,49.369632,251.6505,3965.5927,1.3636,-156.54134,-21.19984,1809.04926,0,1809.04926,-0.09891707,0,-0.09891707,0.00206719,0,0.03714409,2.69167048,0,506.59,7.04825,13.35472,0.38202772,0.00202242,-42.17914,-13.34749,-0.8472813,0.047228
L107,0,Restricted_L107,7.88,4.18,6.08,6.28,6.105,1.312202347,75,560.68502,-0.229379,148,-0.013757,0.215622,74,8.928,12.997,13.754,17.388,0.393937334,0.973790323,2.449316,10.647377,1.438177,23.790222,218.3899,4653.55928,1.3501,-80.53027,16.95877,2129.54165,1094.68908,1034.85257,-0.00479285,0.01213688,-0.02270148,0.00047948,0.0762451,0.01774639,0.46996114,345.02,251.31,8.22286,13.70245,0.4031888,0.00169648,-42.55801,-13.09243,-0.8178151,0.0422
L108,0,Restricted_L108,3.75,7.76,6.32,4.94,5.6925,1.500656107,94,678.86105,-0.226259,180,-0.01628,0.209979,87,9.378,10.239,14.102,18.682,0.434232852,0.996054596,1.793897,7.902293,2.127845,27.081373,380.8318,5665.14865,1.3428,-78.39246,19.9911,2328.10463,1193.40609,1134.69854,-0.00458753,0.01099479,-0.02097606,0.00042325,0.09391675,0.01638751,0.43156102,400.19,251.74,8.08428,13.7051,0.40380599,0.00159472,-39.10222,-13.10188,-0.7967035,0.035013
L109,1,Restricted_L109,6.6,7.48,7.04,7.11,7.0575,0.312599984,73,470.64678,-0.231043,127,-0.001461,0.229582,61,7.539,10.554,11.27,14.363,0.396910493,0.952579918,2.206176,7.832514,1.645261,10.966998,133.1894,4132.81318,1.2761,-80.62846,19.02382,1791.87104,1068.98062,722.89043,-0.00268404,0.00985031,-0.02121932,0.00059493,0.07012894,0.01512041,0.39284751,346.48,155.3,8.16299,14.43479,0.40495673,0.00134515,-42.76417,-13.14333,-0.756889,0.036115
L110,1,Restricted_L110,6,6.55,6.76,6.89,6.55,0.339926463,51,360.44972,-0.226856,96,0.003299,0.230155,48,6.96,7.812,9.549,13.907,0.444767814,0.999066092,1.496017,5.149543,1.731123,24.655995,209.4979,3045.81202,1.3261,-77.26756,21.66806,1346.99405,662.21348,684.78057,-0.00359721,0.01404794,-0.02066087,0.00052393,0.12804859,0.01759157,0.47374474,214.57,162.62,8.04868,14.62629,0.41096108,0.00155662,-41.37665,-13.16261,-0.7729135,0.038412
L111,1,Restricted_L111,5.24,6.42,7.7,7.96,6.83,1.087428159,57,388.50295,-0.229849,104,-0.000466,0.229383,53,9.852,6.173,11.241,19.683,0.530581988,0.998934227,1.046064,3.77353,1.875988,18.345736,275.8364,3342.29569,1.3026,-76.9289,16.79133,1580.01648,913.80222,666.21426,-0.00232571,0.01068901,-0.02017713,0.00054377,0.07394529,0.01517874,0.39972633,295.62,146.83,8.10083,14.39663,0.40669476,0.00152212,-40.71698,-13.12483,-0.7756355,0.038152
L112,1,Restricted_L112,9.13,4.61,7.25,6.54,6.8825,1.617704778,61,436.5459,-0.230892,116,-0.001284,0.229607,57,9.857,7.26,13.93,19.648,0.481120525,0.996652125,1.117838,4.858801,1.175986,16.764758,383.1091,3680.3623,1.3292,-74.99579,17.51134,1737.39443,959.16499,778.22944,-0.00257516,0.01225198,-0.02084954,0.00045185,0.0789666,0.0164764,0.438187,295.68,190.84,8.14599,14.12039,0.40581825,0.00165314,-41.07861,-13.1182,-0.7974637,0.042041
L113,1,Restricted_L113,5.35,6.07,10.24,10.23,7.9725,2.276778151,63,416.55619,-0.229455,112,-0.000373,0.229083,59,9.84,7.528,12.654,19.664,0.493499975,0.999186992,1.13739,5.128393,1.606058,18.770101,288.5207,3626.88692,1.287,-76.07485,16.41829,1679.82379,980.30052,699.52327,-0.00190055,0.01009599,-0.01871231,0.00051746,0.0774722,0.01410041,0.37236208,326.57,143.83,8.0398,14.02091,0.40472102,0.00146687,-41.58387,-13.12843,-0.767262,0.035095
L114,0,Restricted_L114,10.06,10.04,9.74,13.16,10.75,1.397175723,49,292.41707,-0.22836,80,0.021384,0.249744,48,7.025,7.228,9.294,14.011,0.458880555,0.997224199,1.1611,4.536008,2.146629,17.340445,9.8525,2673.76931,1.2255,-78.74375,18.57827,1257.18506,687.11206,570.073,-0.0036199,0.01096957,-0.02120466,0.00064755,0.08026689,0.01621865,0.42478857,234.32,117.73,8.06856,14.27872,0.41075689,0.0009641,-40.17005,-13.17763,-0.7302762,0.033971
L115,0,Restricted_L115,14.53,14.3,10.69,13.68,13.3,1.538619511,52,306.44369,-0.230292,84,0.017595,0.247887,47,7.087,7.484,10.37,14.121,0.441626271,0.996260759,1.250524,5.34008,1.73098,17.277491,41.1534,2817.04107,1.219,-76.73289,19.42878,1294.77578,742.7544,552.02138,-0.00274333,0.00962066,-0.01937929,0.00064171,0.07955151,0.01442757,0.37500554,263.51,99.06,8.10933,14.18275,0.40899307,0.00092837,-41.3764,-13.2594,-0.721519,0.031089
L116,1,Restricted_L116,13.05,12.48,9.31,10.37,11.3025,1.523144363,49,352.38292,-0.234886,94,-0.000317,0.234569,42,7.882,8.732,10.136,15.321,0.44812659,0.971897995,1.501861,6.527853,3.463024,26.44061,370.1914,2863.55014,1.379,-78.62092,22.26141,1445.03728,835.07891,609.95836,-0.00502453,0.01371515,-0.03068057,0.00079916,0.07929852,0.02204925,0.5680744,216.33,188.32,8.27271,14.97014,0.42424326,0.00117853,-40.89454,-12.87855,-0.7966556,0.059869
L117,0,Restricted_L117,4.09,4.2,3.4,3.42,3.7775,0.369619737,103,698.93531,-0.18736,187,-0.0614,0.12596,97,8.862,11.473,12.234,16.155,0.405273193,0.911475965,2.160194,8.550007,1.605308,26.869849,427.3682,5866.95531,1.335,-82.32737,19.37947,2230.12568,1136.70252,1093.42316,-0.00310058,0.01209601,-0.01889867,0.00053879,0.10243457,0.01573864,0.41990785,380.44,244.05,8.08213,13.6606,0.40164778,0.00129433,-43.74374,-13.06681,-0.7816849,0.038976
L118,1,Restricted_L118,3.54,3.68,3.43,3.48,3.5325,0.093641604,89,618.80737,-0.186782,165,-0.061487,0.125296,70,8.168,10.013,12.524,15.886,0.413450277,0.972453477,1.941723,7.624746,1.471866,27.313748,439.5841,5193.99777,1.3351,-83.47083,19.26676,2033.21941,1032.83325,1000.38617,-0.00430131,0.01285078,-0.02200972,0.00058712,0.08585931,0.01781006,0.47231258,319.33,250.03,8.03499,13.6561,0.4025311,0.00132954,-43.55485,-13.05313,-0.7939666,0.042113
L119,0,Restricted_L119,8.15,8.74,9.18,9.5,8.8925,0.506526159,25,198.22105,-0.225431,52,-0.064259,0.161172,24,6.34,4.199,7.941,12.625,0.509792045,0.995662461,0.356447,1.808723,3.188444,23.253085,146.5817,1607.12399,1.3821,-73.68832,24.90144,829.32628,418.6441,410.68218,-0.0038667,0.01880282,-0.02697572,0.0007833,0.10889193,0.02305532,0.6217811,96.16,136.07,8.07148,14.83438,0.41225273,0.00202211,-39.47823,-13.07357,-0.8479424,0.053644
L120,0,Restricted_L120,8.28,9.64,10.55,14.09,10.64,2.149430157,37,280.32178,-0.230162,74,-0.038731,0.191431,36,7.261,7.455,8.801,14.231,0.466789123,0.979961438,1.142685,5.087727,4.127332,29.801925,391.1231,2285.40947,1.3745,-77.43843,29.13278,1141.41817,553.06106,588.35711,-0.00532516,0.01725387,-0.02654966,0.00075553,0.15237129,0.02227833,0.5998883,147.27,172.36,7.977,15.21391,0.41142501,0.00185271,-40.39924,-13.20731,-0.8292792,0.054903
L121,0,Restricted_L121,9.09,9.9,10.88,14.59,11.115,2.104025903,46,318.41296,-0.230239,85,-0.044642,0.185597,43,7.625,6.964,10.16,14.786,0.463365716,0.96957377,1.191228,4.65628,3.015843,15.878821,184.7094,2713.90444,1.3147,-74.24069,22.35876,1306.6301,661.02025,645.60984,-0.00418555,0.01252566,-0.02129565,0.00065362,0.11010032,0.01745083,0.45875509,220.65,145.25,8.0842,14.76185,0.40537915,0.00148851,-40.3103,-13.04677,-0.7907496,0.045746
L122,0,Restricted_L122,5.25,6.16,9.03,9.35,7.4475,1.775561531,45,350.41341,-0.226888,92,-0.066812,0.160076,42,8.047,7.653,8.469,15.831,0.495446437,0.983658506,1.269961,5.255084,3.296756,30.357332,322.4711,2881.28599,1.3628,-72.7958,26.04068,1356.55833,655.75104,700.80729,-0.00463057,0.01589432,-0.02383587,0.00058183,0.13703273,0.02016567,0.54414548,189.1,190.77,8.19351,14.40428,0.40550217,0.00171985,-41.24896,-13.07345,-0.8329561,0.0474
L123,0,Restricted_L123,5.82,6.55,10.41,12.96,8.935,2.905499097,59,430.54135,-0.228112,114,-0.044989,0.183123,53,8.037,9.299,12.64,15.949,0.420951225,0.992223466,1.666644,6.836772,3.331249,32.014544,363.3846,3609.6767,1.3366,-75.81627,23.02518,1637.22959,855.12689,782.1027,-0.00469645,0.01307227,-0.02412421,0.00054837,0.09224416,0.01886982,0.49937698,254.67,203.81,8.071,13.90178,0.40386814,0.00154806,-37.35995,-13.09447,-0.8023071,0.042064
L124,0,Restricted_L124,15.98,10.12,15.73,13.53,13.84,2.349797864,33,250.29576,-0.231703,66,-0.021071,0.210633,29,7.266,6.631,8.117,14.288,0.492078799,0.983209469,0.934176,4.229371,3.108123,16.792376,210.6102,2062.5736,1.3598,-75.63916,22.01565,1033.61096,534.536,499.07496,-0.00457841,0.01511497,-0.02567107,0.00066119,0.09998588,0.02065504,0.54999489,145.38,144.06,7.93063,14.64442,0.40917546,0.00179543,-39.85278,-12.94031,-0.8188086,0.04574
L125,0,Restricted_L125,95.28,31.57,10.98,81.36,54.7975,34.65504752,38,350.25777,-0.120232,85,-0.048548,0.071683,33,7.942,7.487,7.856,15.568,0.503639481,0.980105767,1.378214,5.410556,12.859383,25.274251,298.895,2556.64647,1.5352,-78.51776,174.01506,1238.35034,673.61886,564.73149,0.00141478,0.03117642,-0.03408527,0.00184325,0.24997479,0.03240865,0.88445048,118.3,228.48,4.04139,17.82149,0.38227648,0.00621393,-40.49141,-11.58556,-0.7737825,0.047662
L126,0,Restricted_L126,59.47,33.45,37.39,23.63,38.485,13.11098299,30,254.17188,-0.143844,61,-0.116194,0.02765,30,6.35,6.745,7.573,12.697,0.469998149,0.99976378,1.107517,4.181595,11.031526,20.962893,357.5482,1985.19673,1.4347,-63.5301,44.50879,980.666,637.88001,342.78599,0.00605446,0.03297568,-0.04404243,0.00114848,0.20448163,0.03533936,1.00257616,63.22,211.4,5.38424,15.48061,0.39047052,0.00737356,-39.93846,-10.18986,-0.6955258,0.046819
L127,0,Restricted_L127,94.01,30.27,11.01,73.67,52.24,33.11559904,44,378.311,-0.118154,93,-0.046574,0.071579,40,6.68,6.642,10.739,12.341,0.415214319,0.923727545,1.042091,4.370231,12.187089,39.025669,329.9573,2874.33641,1.4749,-74.60702,133.87363,1346.68128,809.18899,537.49229,0.00423643,0.02913145,-0.03324276,0.00125157,0.23071082,0.03007093,0.83735878,108.4,268.71,3.97864,14.74602,0.38604554,0.00524412,-40.22662,-12.47638,-0.7569029,0.04425
L128,1,Restricted_L128,50.02,38.64,13.52,18.38,30.14,14.84912792,27,193.22281,-0.105107,52,-0.053531,0.051576,26,5.846,6.569,6.706,11.29,0.459596988,0.965617516,1.139546,4.259397,18.018221,25.948562,226.209,1715.24312,1.2623,-154.46503,-16.89925,886.92979,0,886.92979,-0.1244785,0,-0.1244785,0.00402045,0,0.0545904,3.38723224,0,248.37,3.33901,13.78813,0.36240546,0.00504066,-40.11807,-13.48668,-0.8136067,0.05691
L129,0,Restricted_L129,13.19,12.33,15.48,4.3,11.325,4.216126777,36,224.29986,-0.231428,61,-0.035712,0.195716,31,7.155,5.446,7.461,14.22,0.524200981,0.993710692,0.749764,3.085177,2.064357,20.988147,75.6928,2027.45954,1.2397,-70.25555,21.63861,1021.25052,611.05896,410.19156,-0.00232804,0.01411598,-0.02682454,0.00068722,0.10222786,0.01975438,0.52301503,158.33,127.65,8.3277,14.46494,0.41195483,0.00122374,-39.80631,-12.9639,-0.7632583,0.054164
L130,0,Restricted_L130,10.1,12.32,15.41,6.82,11.1625,3.137167313,42,252.3531,-0.230576,69,-0.035398,0.195178,41,8.202,6.106,8.142,16.385,0.534880684,0.998841746,0.850098,3.748791,2.090411,22.321094,88.9454,2325.00936,1.2163,-70.34737,22.46403,1143.48616,723.84356,419.6426,-0.00167253,0.01286016,-0.02674003,0.00067708,0.08873005,0.0184453,0.48854955,192.44,127.76,8.30212,14.39566,0.41036657,0.0011675,-39.84914,-13.19669,-0.7557309,0.050148
L131,0,Restricted_L131,9.9,12.13,15.55,5.5,10.77,3.647869241,42,252.3531,-0.229783,69,-0.033645,0.196138,41,7.741,7.04,8.243,15.271,0.499803626,0.98637127,1.143796,4.501358,2.046307,20.150947,138.5454,2337.60585,1.2097,-71.18614,22.73289,1167.9391,698.44938,469.48972,-0.00157361,0.01293789,-0.02316205,0.00074415,0.10616677,0.01742291,0.46389465,206.43,120.63,8.24653,14.64616,0.41031887,0.00126055,-39.84878,-12.91293,-0.7531564,0.050976
L132,0,Restricted_L132,22.39,9.15,8.47,8.27,12.07,5.967176887,44,268.39723,-0.230442,73,-0.044695,0.185748,38,6.878,6.752,9.234,13.579,0.459293083,0.987132887,0.972006,4.348472,5.485788,23.925558,78.6164,2525.20618,1.191,-78.46301,28.74776,1194.72907,843.02549,351.70358,0.0006631,0.0143794,-0.03221457,0.00091119,0.06154244,0.01936074,0.53415158,182.83,151.73,7.9032,13.66654,0.40222072,0.00091746,-35.62186,-13.23858,-0.7613333,0.041777
L133,0,Restricted_L133,5.45,6.08,5.94,6.77,6.06,0.471963982,42,332.39812,-0.220145,87,-0.056098,0.164047,37,7.619,5.666,10.134,15.238,0.490946582,1,0.810238,3.272948,5.46618,28.145336,229.3319,2731.10556,1.3638,-75.4314,19.24701,1287.69428,678.3585,609.33578,-0.00169173,0.01609925,-0.02149799,0.00063002,0.09654055,0.01878765,0.5075992,185.2,175.39,8.01442,13.83985,0.4031623,0.00161508,-37.08183,-13.05658,-0.8472053,0.046939
L134,0,Restricted_L134,4.23,4.72,5.08,5.02,4.7625,0.33633131,82,556.73781,-0.209043,149,-0.045653,0.163391,55,8.259,11.671,13.713,14.958,0.370779832,0.905557574,1.979513,9.287691,1.07472,21.156347,238.997,4758.36219,1.3111,-83.51814,17.50005,2083.14302,1000.87079,1082.27223,-0.00525196,0.00976791,-0.01914214,0.00051869,0.09051099,0.01525371,0.39832516,383.08,200.26,7.98675,14.14698,0.40289325,0.0012745,-41.79419,-13.10595,-0.7715799,0.041905
L135,0,Restricted_L135,4.92,20.12,33.69,50.43,27.29,16.79468219,76,630.62101,-0.138388,159,-0.120901,0.017487,68,9.069,11.502,11.87,18.274,0.438793642,1.00749807,1.916355,9.072049,23.71477,111.310354,1625.0255,4961.76567,1.4242,-58.58302,35.12317,2142.84618,1533.48224,609.36394,0.00577129,0.02565935,-0.0442776,0.00115043,0.14235825,0.02875424,0.84229707,167.79,432.27,5.65738,14.59431,0.39373124,0.00359852,-40.6626,-12.60657,-0.7829358,0.03695
L136,0,Restricted_L136,4.33,4.66,4.86,4.75,4.65,0.197863589,70,544.64252,-0.208762,143,-0.04792,0.160842,58,7.985,11.654,12.016,13.05,0.355392157,0.81715717,2.104771,9.197356,1.255786,17.404116,308.1282,4423.51456,1.3797,-88.92554,17.87259,1987.26849,936.6014,1050.66709,-0.00740428,0.01226908,-0.0249418,0.00059959,0.07066756,0.01930173,0.51617647,301.44,255.05,8.06818,14.70857,0.40547851,0.00174566,-41.56474,-13.10007,-0.8275458,0.046054
L137,1,Restricted_L137,7.08,4.61,10.71,6.49,7.2225,2.210467993,68,515.60289,-0.228943,136,-0.005017,0.223926,56,9.084,9.691,11.759,17.826,0.453864956,0.981175694,1.583414,7.24633,1.702761,16.756749,207.7462,4093.86243,1.4113,-75.88951,17.57973,1793.45324,922.47695,870.97629,-0.00495597,0.01166116,-0.02255566,0.00048133,0.08270737,0.01748897,0.46128704,298.04,204.18,8.12867,14.72509,0.40921838,0.00163751,-42.40107,-13.19704,-0.8106638,0.045089
L138,0,Restricted_L138,13.11,12.11,13.05,14.09,13.09,0.70042844,54,374.47634,-0.230175,100,-0.001405,0.22877,50,7.254,7.779,12.972,13.136,0.387641278,0.905431486,1.305211,5.256547,1.710025,5.56119,72.6084,3181.30342,1.3191,-84.77647,18.45659,1508.04402,883.7575,624.28652,-0.00482247,0.0107767,-0.02690509,0.00073715,0.04994511,0.01862478,0.47493084,272.7,149.6,7.92737,14.61224,0.40726789,0.00173143,-40.4094,-13.13949,-0.7845686,0.039849
L139,0,Restricted_L139,6.55,5.61,6.93,5.73,6.205,0.553240454,55,390.47574,-0.221716,104,-0.05154,0.170176,44,7.303,8.599,12.413,12.842,0.379334791,0.879227715,1.205471,5.524246,0.2434,23.514763,254.9828,3258.6566,1.3428,-86.96889,22.98255,1541.742,727.71777,814.02423,-0.00664208,0.01279828,-0.02402129,0.00070848,0.09434849,0.01918334,0.50950363,235.27,196.46,8.05495,14.3425,0.40820862,0.00129471,-40.06398,-12.99662,-0.8153962,0.056686
L140,0,Restricted_L140,8.47,21.93,9.27,7.93,11.9,5.810413066,45,361.45736,-0.211091,95,-0.049587,0.161504,40,7.974,6.901,11.747,15.848,0.459415584,0.993729621,1.083984,4.480596,5.29177,29.049407,276.0707,2912.5426,1.3907,-54.13236,22.91505,1376.31948,700.13005,676.18942,-0.00520629,0.01657497,-0.02775872,0.00058923,0.11974879,0.02253479,0.60054365,165.99,219.42,8.31377,14.69414,0.40678356,0.0017111,-39.76428,-12.99352,-0.8084636,0.043092
L141,0,Restricted_L141,19.46,10.98,8.96,10.45,12.4625,4.107325011,37,267.32628,-0.22894,71,-0.051217,0.177723,35,7.272,6.623,10.011,14.537,0.466362966,0.999518702,0.857389,4.221459,3.500795,29.121772,203.3846,2266.66963,1.3216,-95.68519,31.04491,1120.54237,546.42472,574.11766,-0.00671495,0.01705024,-0.02933381,0.0011707,0.10164653,0.0239552,0.63521745,151.36,162.43,8.00899,14.11198,0.4090086,0.00153457,-40.24407,-12.92576,-0.8178842,0.049667
L142,0,Restricted_L142,6.98,7.06,7.37,8.02,7.3575,0.409290545,71,512.64208,-0.227751,136,-0.008164,0.219587,68,9.044,8.986,11.799,17.92,0.462989278,0.990712074,1.585507,6.617526,2.230298,27.404373,300.8529,4289.15,1.3393,-80.71784,21.43986,1893.28796,1036.9078,856.38017,-0.004337,0.01228581,-0.02446395,0.0005581,0.09248489,0.0185295,0.48420694,306.39,223.78,8.24693,14.17625,0.40551589,0.00160695,-41.85393,-13.12087,-0.7932729,0.039085
L143,1,Restricted_L143,5.96,7.17,6.3,7.41,6.71,0.598372793,111,751.01002,-0.2226,201,-0.009922,0.212678,109,9.091,10.962,15.598,17.826,0.401613121,0.980420196,2.013191,8.632193,1.169362,21.946516,450.9769,6540.08789,1.2868,-85.23331,22.68665,2589.54409,1363.08163,1226.46247,-0.00426204,0.01089485,-0.02110729,0.00057157,0.08364322,0.01639991,0.42808064,473.03,252.11,8.13354,13.68989,0.4008541,0.00133073,-42.82579,-13.10172,-0.7863185,0.037278
L144,1,Restricted_L144,5.19,6.53,5.79,6.67,6.045,0.596217242,103,610.91295,-0.223579,167,-0.001044,0.222535,103,9.267,10.255,11.236,17.899,0.454404671,0.965738642,1.969607,7.868623,0.778067,20.092209,225.0018,5613.88581,1.2194,-81.53061,17.49186,2227.17995,1289.24803,937.93192,-0.00273176,0.00875266,-0.01851784,0.00059892,0.05962582,0.01356658,0.35007626,474.11,149.57,7.96045,13.68682,0.40227378,0.00093257,-42.50624,-13.29274,-0.7345374,0.028801
L145,1,Restricted_L145,7.12,7.36,13.91,6.91,8.825,2.940140303,40,316.35399,-0.231884,83,-0.039351,0.192532,39,8.12,7.419,7.861,15.741,0.50743045,0.969273399,1.208118,5.089243,2.956804,14.950428,174.9208,2491.50127,1.4228,-72.64311,21.81847,1221.75342,625.34828,596.40514,-0.00464126,0.01586625,-0.02614398,0.00063527,0.10610425,0.02130287,0.56826557,154.28,187.84,8.35737,14.8947,0.41100298,0.00192201,-40.41895,-13.18871,-0.849528,0.057337
L146,0,Restricted_L146,13.12,12.87,15.64,8.44,12.5175,2.591489678,24,168.19339,-0.232306,45,-0.034563,0.197743,22,5.93,5.782,6.417,11.799,0.491665972,0.994856661,0.825078,3.140908,2.157717,22.364917,36.6262,1418.40005,1.3288,-71.92427,24.05674,766.3692,458.4972,307.872,-0.00277836,0.01699561,-0.03222666,0.0009133,0.1057518,0.02378272,0.62897344,93.27,121.34,8.27063,14.85138,0.42058215,0.00176575,-39.73842,-13.57474,-0.8031225,0.065285
L147,0,Restricted_L147,16.37,20.76,7.29,7.33,12.9375,5.837633831,44,268.39723,-0.197467,73,-0.001049,0.196418,43,5.917,8.097,8.991,11.032,0.392318634,0.93222917,1.573061,5.616717,2.825766,10.731331,81.4599,2514.86023,1.1959,-63.82926,32.1964,1151.49071,615.22167,536.26904,-0.00100195,0.01345434,-0.01758659,0.00039739,0.18408881,0.01546984,0.41847845,197.74,124.71,6.92671,13.56638,0.40337731,0.00153374,-34.2537,-12.8817,-0.7488383,0.029244
L148,0,Restricted_L148,17.88,21.94,4.56,5.09,12.3675,7.680160724,28,142.24223,-0.190492,40,0.089168,0.27966,20,4.817,5.453,8.341,9.235,0.40101611,0.958584181,0.862441,3.055092,2.113718,7.68101,48.9275,1461.12913,1.0909,-70.60843,22.22482,738.71767,571.51292,167.20476,0.00111887,0.00945304,-0.02736766,0.00095334,0.04320327,0.01292622,0.36756908,165.68,41.19,6.82337,13.38744,0.4014117,0.00124135,-32.1012,-13.73775,-0.6773617,0.019985
L149,0,Restricted_L149,10.8,30.05,15.06,15,17.7275,7.321015555,21,137.17934,-0.22109,37,3.40E-05,0.221124,21,5.128,6.391,6.786,10.239,0.437265118,0.998342434,0.904462,4.073387,2.827751,13.752932,149.144,1246.87828,1.2328,-63.82054,42.49013,660.99927,405.18046,255.81881,0.00142321,0.01914425,-0.0266444,0.000748,0.15573664,0.02175096,0.59992796,77.31,107.79,6.99778,14.20479,0.40541723,0.00198449,-37.43689,-12.52756,-0.7791847,0.042701
L150,0,Restricted_L150,16.58,21.15,14.68,14.33,16.685,2.716307236,48,294.43458,-0.198628,80,0.0015,0.200128,46,7.55,6.075,11.75,14.866,0.454742896,0.984503311,0.998882,3.646438,2.23062,6.283199,243.6906,2744.55115,1.2022,-69.81124,21.77061,1317.14551,838.94468,478.20083,-0.00126659,0.01155162,-0.02375456,0.00045728,0.07860818,0.01634879,0.43489235,241.2,127.64,6.86556,13.5834,0.39838116,0.00149147,-33.87322,-13.14462,-0.7536071,0.031924
L151,0,Restricted_L151,6.66,10.36,7.54,7.57,8.0325,1.392612204,46,300.39604,-0.191738,81,1.10E-05,0.191749,43,6.898,6.938,11.172,12.33,0.405059133,0.893737315,1.280121,4.883193,3.974337,17.005689,241.6758,2660.97863,1.265,-68.15476,22.26068,1259.10575,639.63922,619.46653,-0.00233957,0.01606593,-0.02134445,0.00042366,0.15973301,0.01878641,0.50784341,164.32,188.27,6.94608,15.01884,0.40793139,0.00184536,-37.67962,-13.30502,-0.7760615,0.043894
L152,0,Restricted_L152,17.68,20.27,7.05,7.47,13.1175,5.930503246,38,309.23399,-0.204714,81,-0.015883,0.18883,28,5.869,7.99,9.032,10.834,0.388928777,0.922985176,1.367913,5.580244,3.381804,7.353208,70.6485,2484.8972,1.3945,-64.80001,19.97355,1142.07393,590.21532,551.85861,-0.00019812,0.01301532,-0.01432995,0.00036699,0.18030125,0.01365862,0.37145062,216.31,103.5,7.12256,13.96555,0.40542053,0.00159093,-32.99223,-13.05927,-0.7266813,0.031235
L153,0,Restricted_L153,7.7,8.32,11.34,8.93,9.0725,1.379481334,38,266.33826,-0.228831,71,-0.046381,0.18245,33,6.89,6.492,10.336,13.665,0.448135638,0.991654572,0.901323,4.059202,2.867523,19.489615,197.0634,2313.52512,1.29,-73.22996,23.94932,1141.34092,544.98374,596.35718,-0.00479178,0.01510118,-0.02297105,0.00059882,0.12677395,0.0193313,0.52281864,170.49,149.12,8.05554,14.60342,0.40747905,0.00150364,-39.97823,-12.96038,-0.7972929,0.046101
L154,0,Restricted_L154,8.59,9.99,6.28,5.76,7.655,1.718145803,79,500.69598,-0.140477,136,-0.012335,0.128143,63,8.501,9.148,14.233,14.314,0.37973206,0.841900953,1.318685,6.533571,1.209401,7.805588,221.238,4504.40592,1.2456,-190.32431,-29.09478,2044.00456,0,2044.00456,-0.09870311,0,-0.09870311,0.00208463,0,0.03532641,2.68584824,0,572.38,6.38889,13.68635,0.38089573,0.001465,-40.45182,-13.26341,-0.7904066,0.055268
L155,0,Restricted_L155,8.63,10.15,6.36,5.83,7.7425,1.743034351,85,528.74921,-0.140071,144,-0.011677,0.128394,71,8.746,8.841,14.502,14.847,0.388766693,0.848788017,1.350935,6.237051,2.394859,5.961371,247.782,4800.04566,1.2344,-181.58609,-27.80667,2150.7661,0,2150.7661,-0.09705878,0,-0.09705878,0.00199631,0,0.03447689,2.64110384,0,602.28,6.39752,13.64085,0.38064867,0.00132821,-40.7311,-13.4425,-0.7829309,0.052883
L156,0,Restricted_L156,15.41,12.32,5.4,5.34,9.6175,4.38579739,57,390.49892,-0.127716,105,-0.004034,0.123682,41,7.032,11.677,11.947,13.155,0.357676935,0.935366894,2.026775,8.91102,4.279033,12.828724,217.4463,3398.67751,1.2875,-183.06693,-31.01387,1594.39133,0,1594.39133,-0.11064959,0,-0.11064959,0.00184098,0,0.03400711,3.01092853,0,446.48,6.98092,13.91373,0.37900767,0.00173404,-40.91368,-13.29573,-0.8067688,0.049137
L157,0,Restricted_L157,15.89,12.5,5.41,5.36,9.79,4.565177981,39,306.33922,-0.128006,81,-0.00316,0.124846,38,6.541,7.402,9.746,12.265,0.416992486,0.937547776,1.44644,4.991313,2.325404,14.840372,248.9524,2488.13706,1.3797,-188.96941,-31.95379,1221.32469,0,1221.32469,-0.12070056,0,-0.12070056,0.00219831,0,0.03683369,3.28442932,0,342.01,6.9037,14.0986,0.37863227,0.00259442,-40.65229,-13.60237,-0.8589358,0.056386
L158,0,Restricted_L158,8.59,9.86,6.38,5.79,7.655,1.646215357,73,472.64275,-0.139857,128,-0.013122,0.126735,59,8.039,6.74,13.168,14.816,0.426678954,0.92150765,1.065397,4.339372,0.736028,6.630349,243.5101,4213.02706,1.2571,-190.95247,-30.52456,1930.91046,0,1930.91046,-0.10146424,0,-0.10146424,0.00210746,0,0.03559777,2.76098236,0,540.71,6.38405,13.59085,0.37956328,0.00143938,-40.12791,-13.54326,-0.7955938,0.059115
L159,0,Restricted_L159,8.6,10,6.06,4.49,7.2875,2.145522955,81,568.72863,-0.141635,152,-0.014399,0.127236,69,8.874,10.683,16.495,17.709,0.394524027,0.997802569,1.743156,8.614703,3.262376,11.822014,90.3559,4878.04485,1.3065,-190.71341,-22.05275,2233.27724,0,2233.27724,-0.09630214,0,-0.09630214,0.00206887,0,0.0345774,2.62051448,0,625.38,6.42816,14.13106,0.38176599,0.00180356,-40.58015,-13.34441,-0.8259545,0.05596
L160,0,Restricted_L160,8.58,9.95,6.34,5.8,7.6675,1.680199021,67,444.58951,-0.139983,120,-0.012681,0.127302,63,8.042,6.931,13.502,14.442,0.414107527,0.897910967,0.999432,4.619424,1.618429,7.498016,243.3254,3902.76781,1.2765,-191.9418,-30.07422,1807.63443,0,1807.63443,-0.10312629,0,-0.10312629,0.00224086,0,0.03713779,2.80620916,0,506.19,6.38515,14.09051,0.38059129,0.00170522,-39.92246,-13.54078,-0.8081334,0.060974
L161,0,Restricted_L161,8.56,9.96,6.39,5.86,7.6925,1.654439104,61,416.53628,-0.139975,112,-0.012397,0.127578,46,7.935,6.74,12.319,14.433,0.430938732,0.909451796,0.885588,4.33996,3.150006,6.392934,239.2464,3588.93083,1.3006,-194.23696,-30.33734,1663.18817,0,1663.18817,-0.10533164,0,-0.10533164,0.00240879,0,0.03903087,2.86621976,0,465.74,6.38183,14.15558,0.3813016,0.00200862,-39.64335,-13.53872,-0.8229637,0.063167
L162,1,Restricted_L162,4.22,4.19,7.58,7.58,5.8925,1.687533333,79,608.72796,-0.205125,160,-0.038826,0.166299,76,10.64,11.436,12.685,19.764,0.450358893,0.928759398,2.180653,9.148182,3.13805,12.406475,499.4194,4899.94217,1.3921,-80.93219,18.61411,2249.38233,1047.17253,1202.20979,-0.00608586,0.01307491,-0.02277565,0.00045394,0.10398714,0.01837656,0.49686874,325.8,304.09,8.10084,14.71653,0.4050134,0.00168189,-40.59237,-13.12359,-0.8331202,0.047482
L163,1,Restricted_L163,7.17,7.17,7.11,7.08,7.1325,0.038971143,107,790.98944,-0.200587,209,-0.03842,0.162167,104,10.913,11.332,12.735,21.739,0.474588482,0.996013928,2.29702,9.09914,1.333749,25.343295,926.5911,6502.39463,1.3631,-79.56293,20.3693,2637.64826,1295.13213,1342.51613,-0.00491873,0.01267458,-0.02189109,0.00045231,0.11424255,0.01764599,0.47254262,412.36,326.26,8.15493,14.65507,0.40255579,0.00152815,-42.47435,-13.15724,-0.8179667,0.043194
L164,1,Restricted_L164,7.15,7.11,6.88,6.9,7.01,0.121037184,99,738.91473,-0.188248,195,-0.05957,0.128678,91,10.578,12.122,12.649,20.959,0.458320577,0.990688221,2.420514,10.184021,2.793175,28.491857,700.3084,6047.7342,1.3691,-77.10356,20.2126,2572.94087,1210.55758,1362.38329,-0.00504903,0.01315752,-0.02122662,0.00036026,0.14280049,0.01749472,0.47429823,372.08,348.41,8.12548,14.4342,0.40247453,0.00152066,-42.07173,-13.14267,-0.8303591,0.04582
L165,1,Restricted_L165,7.89,7.97,7.52,7.56,7.735,0.197547463,123,763.10531,-0.210119,207,-0.023312,0.186807,109,11.59,11.853,15.011,22.889,0.46005266,0.987446074,1.966559,9.789148,1.365154,5.093927,563.6966,6909.59519,1.2376,-78.8901,17.33049,3039.88354,1467.05128,1572.83226,-0.00445186,0.0086396,-0.01666286,0.00040809,0.0976661,0.01338349,0.34805609,618.84,232.42,8.11327,14.70801,0.40145753,0.00096028,-42.0922,-13.26109,-0.7530095,0.0382
L166,1,Restricted_L166,7.23,7.06,6.84,6.94,7.0175,0.145322916,93,710.8615,-0.18835,187,-0.060069,0.128281,85,9.676,12.151,13.574,18.951,0.424187483,0.979278628,2.192525,9.768043,2.785501,26.596142,639.0951,5753.66225,1.3845,-77.02544,22.81706,2544.36133,1162.81062,1381.55071,-0.005434,0.01350136,-0.02137134,0.00035281,0.15131221,0.01775106,0.48367261,355.91,356.58,8.00025,14.68028,0.40254289,0.00156194,-40.65275,-13.14972,-0.8351056,0.046584
L167,1,Restricted_L167,6.45,6.38,8.23,8.45,7.3775,0.965954838,87,638.79708,-0.205546,169,-0.035206,0.17034,85,9.414,12.213,12.298,17.419,0.415430479,0.925164648,2.443202,9.915193,2.300839,24.155022,418.9283,5285.12221,1.3544,-78.17631,19.23672,2402.12567,1122.2287,1279.89697,-0.00559088,0.01162874,-0.02068925,0.00041503,0.11758904,0.01673798,0.44779997,391.89,280.77,8.08426,14.60977,0.4043801,0.00146432,-41.68082,-13.15452,-0.809688,0.045202
L168,1,Restricted_L168,8.54,8.39,8.38,8.57,8.47,0.085732141,89,670.79589,-0.194913,177,-0.035196,0.159717,88,9.576,11.607,13.917,18.591,0.421421285,0.97070802,2.335145,9.249664,3.142068,31.20979,963.6809,5420.41979,1.3868,-82.27886,22.37519,2485.42084,1073.19965,1412.22119,-0.00826906,0.013557,-0.0248555,0.00047245,0.12884882,0.01989325,0.54359712,330,365.99,8.05849,15.0501,0.4057991,0.00169728,-41.72132,-13.17543,-0.8232023,0.049792
L169,1,Restricted_L169,6.62,6.58,7.78,7.81,7.1975,0.597761449,81,610.74385,-0.205199,161,-0.039027,0.166172,78,10.747,11.5,12.437,20.068,0.456039086,0.933655904,2.162852,9.239454,2.523276,10.677456,488.012,4981.26281,1.3739,-78.44796,18.47172,2280.76733,1069.35037,1211.41696,-0.00562994,0.01231038,-0.02146634,0.00041511,0.11368188,0.01737104,0.46731529,347.77,290.91,8.10262,14.68141,0.40376299,0.00157874,-41.66761,-13.12378,-0.8244258,0.046502
L170,1,Restricted_L170,5.82,5.52,5.98,6.24,5.89,0.260959767,89,662.81855,-0.212075,175,-0.027536,0.184539,89,10.146,10.707,12.73,20.179,0.462651321,0.994431303,1.907112,8.383772,2.37604,15.932952,602.2992,5471.10043,1.3576,-79.51409,17.89048,2485.56563,1144.51939,1341.04624,-0.00595767,0.01135701,-0.02073493,0.00040022,0.10387856,0.01659438,0.44672146,408.06,287.97,8.1551,14.7103,0.40424666,0.00157687,-41.67021,-13.1256,-0.808673,0.042987
L171,1,Restricted_L171,5.59,5.58,6.82,6.84,6.2075,0.622550199,93,710.8615,-0.20416,187,-0.040066,0.164093,90,10.627,11.535,15.004,19.854,0.427952493,0.934130046,2.065706,9.248269,2.540728,19.075842,653.6468,5745.28007,1.3865,-78.40407,18.66836,2595.41529,1198.75977,1396.65552,-0.00578995,0.01270487,-0.0216642,0.00037878,0.12515336,0.01761417,0.47690945,377.51,349.28,8.09923,14.71723,0.40287568,0.0015835,-41.69604,-13.11588,-0.8409954,0.048688
