,,SampleName,ODI_HOMO_1,ODI_HOMO,ODI_LUMO,ODI_LUMO_Add1,ODI_Mean,ODI_Std,AtomNum,Weight,HOMO,HOMO_number,LUMO,HOMO_LUMO_Gap,Farthest_Distance,Mol_Radius,Mol_Size_Short,Mol_Size_2,Mol_Size_L,Length_Ratio,Len_Div_Diameter,MPP,SDP,Dipole_Moment,Quadrupole_Moment,Octopole_Moment,Volume,Density,ESPmin,ESPmax,Overall_Surface_Area,Pos_Surface_Area,Neg_Surface_Area,Overall_Average,Pos_Average,Neg_Average,Overall_Variance,Nu,Pi,MPI,Nonpolar_Area,Polar_Area,ALIEmin,ALIEmax,ALIE_Ave,ALIE_Var,LEAmin,LEAmax,LEA_Ave,LEA_Var
1.00 ,,L1,6.23,5.98,4.81,4.91,5.4825,0.629737048,47,356.41796,-0.234247,94,-0.01044,0.223807,37,6.092,8.694,10.754,10.984,0.360935857,0.901510177,1.555786,6.49523,2.66257,12.096415,112.2821,2885.20185,1.3843,-45.21072,20.11405,1303.71385,681.43225,622.2816,-0.00417186,0.01365018,-0.02368796,0.0004461,0.1272981,0.01895843,0.50181483,191.3,173.78,8.32635,14.5875,0.41133898,0.00159316,-40.81184,-13.19363,-0.8150825,0.047091
2.00 ,,L2,8.71,7.53,11.09,10.46,9.4475,1.409226295,69,510.6262,-0.218334,135,-0.005786,0.212548,63,8.103,8.003,12.281,14.726,0.420622679,0.908675799,1.452927,5.506151,3.237115,24.565572,227.773,4167.94262,1.3729,-44.69688,22.30554,1758.14048,874.93558,883.2049,-0.00340279,0.01344366,-0.0200915,0.00030649,0.17551916,0.01698055,0.45669436,266.51,225.81,8.44973,14.798,0.40745036,0.00153911,-42.05832,-13.17842,-0.8012455,0.041364
3.00 ,,L3,7.53,7.42,7.35,7.51,7.4525,0.072240916,113,775.03149,-0.211881,207,-0.025318,0.186563,98,12.299,10.73,14.094,24.571,0.497439012,0.99890235,1.724308,8.498363,2.369707,30.898386,675.8809,6644.17857,1.3071,-46.5913,21.96158,2785.80882,1470.00984,1315.79898,-0.00302375,0.01075724,-0.01841987,0.00026156,0.168654,0.01476077,0.39120362,495.75,284.35,8.49678,14.79051,0.40240752,0.00124783,-42.11753,-13.23392,-0.7880219,0.041769
4.00 ,,L4,4.11,4,6.58,6.65,5.335,1.280829809,137,887.24443,-0.210157,239,-0.022288,0.187869,131,9.986,11.947,18.481,18.758,0.381368682,0.939214901,2.314419,9.358735,2.417857,20.095931,786.9721,7868.77949,1.2635,-44.32672,21.41813,3062.92858,1765.2712,1297.65738,-0.00128761,0.0097852,-0.01635053,0.00025782,0.14152776,0.01281679,0.34195735,612.75,244.96,8.28765,14.54777,0.40071628,0.00101926,-42.66128,-13.13658,-0.7614979,0.03771
5.00 ,,L5,10.5,7.69,10.37,12.49,10.2625,1.706419863,49,358.43384,-0.234204,95,-0.005265,0.228939,44,7.077,7.697,11.08,13.807,0.423735576,0.975483962,1.376149,5.318521,3.917991,9.823354,199.5415,2949.21599,1.3619,-47.60985,20.65313,1388.87477,693.03243,695.84234,-0.00344881,0.0136287,-0.02045736,0.00036701,0.14185943,0.0172876,0.46395241,209.15,179.78,8.3078,14.67062,0.40872436,0.00151146,-41.52391,-13.18024,-0.7969221,0.044401
6.00 ,,L6,7.85,8.1,7.59,7.65,7.7975,0.199421037,101,718.92502,-0.201405,191,-0.020252,0.181154,87,12.467,8.554,12.078,24.814,0.54601065,0.995187294,1.477774,6.142056,2.962075,33.062298,581.2646,6066.98378,1.3279,-44.15634,20.69304,2485.98357,1318.38571,1167.59786,-0.00283047,0.01151538,-0.019029,0.00026975,0.17830282,0.01537875,0.40937683,419.98,276.16,8.30471,14.57814,0.40004285,0.00136998,-42.3206,-12.30261,-0.7951005,0.043471
7.00 ,,L7,5.39,5.4,3.83,3.93,4.6375,0.758332875,107,746.97826,-0.212753,199,-0.01316,0.199593,81,9.488,12.03,13.762,18.804,0.421652166,0.990935919,2.07733,9.797459,2.780571,19.713872,605.5021,6336.76792,1.3209,-45.7591,23.02333,2478.42689,1163.46498,1314.96192,-0.00354152,0.01128307,-0.01665817,0.00023874,0.20354128,0.01422673,0.38463031,448.42,245.61,8.56599,14.79185,0.40608022,0.00121549,-42.69105,-13.01757,-0.7806445,0.037612
8.00 ,,L8,4.07,4.07,3.77,3.77,3.92,0.15,117,735.05207,-0.212944,199,-0.02216,0.190784,107,12.426,11.956,12.893,24.281,0.494219418,0.977023982,2.278463,9.201299,1.981892,10.987784,629.3283,6615.28844,1.2451,-44.65222,19.62531,2957.93031,1477.85459,1480.07572,-0.00290673,0.00965838,-0.01545298,0.00026197,0.15820192,0.01287481,0.34171666,590.48,237.83,8.45619,14.73128,0.40159548,0.00095835,-41.532,-13.27022,-0.761209,0.042628
9.00 ,,L9,4.6,4.6,5.59,5.67,5.115,0.515776114,115,733.03619,-0.211492,198,-0.02277,0.188722,77,13.36,9.601,11.693,26.13,0.550986842,0.977919162,1.604806,7.262504,2.556365,15.897694,242.2291,6543.66602,1.2553,-43.25062,18.66215,2936.36484,1556.50708,1379.85776,-0.00276624,0.00952193,-0.01662755,0.00029377,0.14356,0.01331092,0.34996581,572.64,249.62,8.39557,14.81929,0.4024231,0.00101626,-40.53821,-12.64825,-0.7684307,0.044526
10.00 ,,L10,8.16,8.1,7.59,7.61,7.865,0.265941723,79,564.71678,-0.213779,150,-0.023546,0.190233,63,10.788,8.962,12.896,21.281,0.493312316,0.986327401,1.416719,6.557155,2.078342,17.724023,667.421,4759.14158,1.3297,-50.49237,19.97379,2238.55994,1186.24204,1052.3179,-0.00435634,0.01054738,-0.0211568,0.00032075,0.12087459,0.01612137,0.42272155,394.39,232.47,8.29672,14.71884,0.405865,0.00136949,-41.3014,-13.27209,-0.8022494,0.050737
11.00 ,,L11,4.15,4.11,7.82,7.86,5.985,1.855107814,67,508.61031,-0.217683,134,-0.025646,0.192037,52,10.872,8.087,11.152,21.631,0.529263518,0.994803164,1.286132,5.782999,2.835458,18.980062,470.8216,4140.56413,1.3765,-40.34941,20.50906,1945.93764,916.38021,1029.55743,-0.00359526,0.01395329,-0.01921474,0.00023177,0.19240618,0.01672617,0.45543759,275.95,268.97,8.46718,14.71169,0.40660101,0.00160623,-40.85814,-13.10631,-0.827506,0.048438
12.00 ,,L12,4.69,4.42,4.71,4.53,4.5875,0.1192424,85,592.77002,-0.220878,158,-0.007948,0.21293,83,11.352,8.024,12.674,22.061,0.515938165,0.971678999,1.108526,5.697918,2.848141,22.743098,197.0408,5059.8825,1.3128,-40.10189,20.33646,2334.99596,1090.69073,1244.30523,-0.00319829,0.01082335,-0.01548891,0.00024078,0.19358556,0.01339824,0.36217262,439.52,214.34,8.47157,14.60552,0.40753893,0.0012291,-40.89133,-13.28931,-0.7846721,0.044931
13.00 ,,L13,10.61,7.8,10.8,12.69,10.475,1.7454011,55,386.48707,-0.233953,103,-0.005044,0.228908,50,7.058,7.697,12.085,13.722,0.409563037,0.97208841,1.375506,5.312878,3.845883,8.902178,182.9022,3244.43088,1.3349,-47.41205,20.43936,1493.1593,720.93202,772.22728,-0.00356722,0.01305584,-0.01908609,0.0003484,0.15161169,0.0163279,0.44013181,238.12,180.01,8.31207,14.63587,0.40856105,0.00143015,-41.80375,-13.17723,-0.7832033,0.039852
14.00 ,,L14,7.36,5.68,14.93,7.21,8.795,3.602530361,38,292.33251,-0.240645,77,-0.042898,0.197746,38,8.375,7.154,7.835,16.744,0.527652601,0.999641791,0.981871,4.676448,0.238284,28.929335,186.4467,2392.60352,1.3692,-51.13443,22.57807,1192.7968,668.77403,524.02277,-0.00228847,0.01617956,-0.02585794,0.00050318,0.13295647,0.02077214,0.5559693,152.87,181.14,8.58167,14.67997,0.4113414,0.001971,-39.7551,-13.09117,-0.8368387,0.052417
15.00 ,,L15,10.42,10.35,15.71,4.34,10.205,4.024006088,50,304.4278,-0.241825,83,-0.036253,0.205572,39,8.71,6.498,7.86,17.162,0.544479695,0.985189437,0.991408,4.136095,0.371016,22.943982,53.53,2715.8851,1.2561,-51.8838,19.78326,1286.10256,839.41932,446.68325,-0.00073044,0.01114418,-0.02304554,0.00055698,0.09351993,0.01551254,0.41572746,247.55,112.59,8.4882,14.4439,0.40662295,0.00116098,-39.71328,-13.68075,-0.751602,0.046244
16.00 ,,L16,15.15,15.03,12.76,11.83,13.6925,1.436286444,56,306.49004,-0.193799,85,-0.001827,0.191971,44,7.389,7.603,10.733,14.776,0.446243054,0.999864664,1.263672,5.212952,4.128612,14.188415,75.3719,3012.43849,1.1401,-51.89765,18.01711,1357.69838,863.25215,494.44623,0.00021293,0.01161977,-0.01970222,0.00045711,0.09588809,0.01450636,0.39628573,257.55,122.64,7.72761,13.27889,0.40398993,0.00075544,-34.8847,-12.94309,-0.6963393,0.02207
17.00 ,,L17,6.24,6.66,8.68,6.11,6.9225,1.034852043,58,374.5227,-0.198247,101,-0.021501,0.176746,49,6.692,9.552,12.466,12.671,0.365274294,0.946727436,1.507463,7.063936,5.01061,18.107248,172.5937,3340.80173,1.2562,-58.38089,20.77929,1456.66191,804.89458,651.76732,-0.00150948,0.01411517,-0.02080501,0.00049679,0.12880317,0.0173131,0.46554491,217.52,190.39,8.08246,14.31465,0.40394183,0.00130968,-37.25973,-13.02386,-0.7393731,0.031098
18.00 ,,L18,6.7,7.16,8.89,5.9,7.1625,1.094540429,64,402.57593,-0.194315,109,-0.019196,0.175119,59,7.031,10.389,13.282,13.635,0.365490806,0.969634476,1.747484,7.979048,5.789288,17.223037,192.7336,3648.51805,1.2365,-61.44685,20.07959,1600.93614,949.22184,651.71429,-0.0007593,0.01334151,-0.02129713,0.00055914,0.09480596,0.01673478,0.4511677,259.63,188.68,8.03229,14.01085,0.40419404,0.00113632,-37.27303,-13.03034,-0.731875,0.03224
19.00 ,,L19,5,4.77,8.94,9.09,6.95,2.067280823,66,434.57474,-0.183874,117,-0.011374,0.1725,61,7.98,11.44,13.753,15.898,0.386897374,0.996115288,2.286603,9.204129,4.319626,20.570074,538.9409,3802.73372,1.2806,-53.38771,22.44865,1761.06962,922.66182,838.4078,-0.00349609,0.01420221,-0.02297293,0.0004619,0.14995084,0.01881389,0.50008438,247.53,245.62,8.02832,15.02904,0.40468462,0.00153168,-37.682,-13.02116,-0.775787,0.045217
20.00 ,,L20,4.61,4.35,3.6,3.63,4.0475,0.442288085,78,526.71505,-0.191295,141,-0.029625,0.161671,75,9.934,12.507,13.569,19.848,0.432192318,0.998993356,2.420659,10.020502,1.626308,18.435915,453.9162,4627.81723,1.2754,-48.72567,22.39396,2108.77468,1115.42556,993.34911,-0.00228487,0.0134508,-0.01995436,0.00030802,0.17130039,0.01672274,0.44937786,321.81,268.7,8.14088,13.63998,0.40049347,0.00141344,-36.39925,-13.01479,-0.7864654,0.039842
21.00 ,,L21,7.11,7.38,5.62,5.39,6.375,0.878990899,64,510.51871,-0.206113,133,-0.029468,0.176645,54,7.285,10.594,11.692,14.55,0.394994028,0.998627316,1.767022,7.454317,1.746493,40.038545,410.3252,3802.02122,1.5047,-42.24104,33.35329,1657.25478,987.67006,669.58472,0.00386012,0.01823824,-0.01734831,0.00036049,0.24335646,0.01734887,0.48650363,242.95,221.13,8.23939,16.26046,0.43201585,0.00323262,-43.28216,-13.11622,-0.9063577,0.089832
22.00 ,,L22,6.25,5.77,8.29,5.47,6.445,1.100942778,64,402.57593,-0.194826,109,-0.017526,0.1773,58,7.272,10.679,13.038,14.285,0.375901268,0.982191969,2.058048,8.300741,2.472426,20.015991,223.6595,3670.47129,1.2291,-50.16065,19.97069,1697.55519,1000.69852,696.85666,-0.0024503,0.01124783,-0.02212106,0.00041987,0.11095638,0.01625525,0.42752777,300.34,175.02,8.16082,13.58523,0.40082583,0.00120453,-36.00789,-13.02475,-0.7473344,0.036854
23.00 ,,L23,6.37,5.91,7.72,5.41,6.3525,0.859429316,76,458.6824,-0.194116,125,-0.015622,0.178493,72,7.936,11.564,14.417,15.683,0.376416091,0.988092238,2.215628,8.944138,2.626883,22.237037,240.8099,4276.79073,1.2018,-49.93165,20.1781,1942.12854,1091.91573,850.21281,-0.00230272,0.01090722,-0.01926806,0.00037852,0.12747997,0.0149828,0.39639853,363.38,180.47,8.12998,13.59494,0.40140605,0.00108411,-37.00137,-12.95625,-0.7355311,0.032192
24.00 ,,L24,5.86,6.33,9.09,5.86,6.785,1.344553829,70,430.62917,-0.193625,117,-0.017803,0.175822,54,8.117,10.395,12.815,16.212,0.411242453,0.99864482,1.658949,7.935839,5.496654,18.557317,208.9879,3958.1632,1.2191,-63.61397,19.44936,1739.84205,1104.42329,635.41876,-8.75E-05,0.0120814,-0.02123829,0.00064035,0.07860248,0.0154494,0.41975318,312,175.2,8.03834,13.55101,0.40254161,0.00109276,-36.92903,-12.94592,-0.730085,0.033189
25.00 ,,L25,14.73,12.36,11.46,8.03,11.645,2.404729715,82,486.73564,-0.188977,133,-0.020147,0.16883,79,9.364,8.564,14.012,17.747,0.440121023,0.947618539,1.303963,6.410988,1.003811,6.112086,71.1182,4610.57057,1.183,-52.8598,14.30147,2035.33252,1171.5263,863.80622,-0.00105937,0.0077578,-0.01301756,0.00025255,0.09135914,0.01019749,0.2718436,476.34,93.61,7.9712,13.86243,0.39603353,0.00088192,-36.69044,-13.06104,-0.7242169,0.030585
26.00 ,,L26,7.47,7.62,8.82,5.63,7.385,1.140361785,88,514.78887,-0.195194,141,-0.018448,0.176746,83,8.324,11.87,13.951,16.321,0.387285843,0.980358001,2.179155,9.376188,5.296797,21.755668,193.3285,4853.56338,1.1885,-62.00694,23.4463,1995.47803,1288.26824,707.20979,0.00049091,0.01116532,-0.01895382,0.00060064,0.08583529,0.01378884,0.37893526,389.19,169.6,8.0437,14.03774,0.40090372,0.00096151,-37.38915,-12.96481,-0.727723,0.030533
27.00 ,,L27,11.75,12.01,11.86,18.27,13.4725,2.771374884,29,237.25717,-0.236503,62,-0.05774,0.178763,24,6.552,6.935,8.061,13.064,0.46557377,0.996947497,1.105698,4.544362,2.394928,24.372486,342.9169,1871.76775,1.4204,-65.04778,30.63627,946.68944,491.20678,455.48267,-0.00486179,0.01753449,-0.02901463,0.00069041,0.15912413,0.02351877,0.62743875,118.62,146.48,8.42182,14.85834,0.41235649,0.00188891,-40.26704,-12.66065,-0.8537838,0.052662
28.00 ,,L28,5.67,5.49,10.81,12.03,8.5,2.952371928,54,370.48767,-0.229232,99,-0.046297,0.182936,47,8.404,7.685,11.341,16.449,0.463678647,0.978641123,1.35831,5.351543,0.791808,14.458508,203.4723,3242.41923,1.2804,-55.53025,20.94761,1517.13355,786.44449,730.68906,-0.00319913,0.01166392,-0.01919632,0.00032878,0.12402203,0.01557426,0.41610862,273.84,151.01,8.24676,13.98875,0.40483659,0.00133959,-40.18371,-13.04444,-0.7888612,0.041555
29.00 ,,L29,4.57,4.77,10.68,12.04,8.015,3.380122039,55,404.50399,-0.229032,107,-0.047322,0.181711,51,9.78,8.739,11.272,19.17,0.489267757,0.98006135,1.473173,6.332009,0.851354,17.628201,284.048,3438.74329,1.3182,-55.16815,21.25511,1629.03943,840.62815,788.41128,-0.00312945,0.01237732,-0.01966324,0.00030682,0.12404434,0.01615864,0.43275641,273.05,183.13,8.25809,13.99716,0.40441381,0.0016249,-39.83432,-13.05287,-0.8128997,0.042283
30.00 ,,L30,4.24,3.85,10.61,11.96,7.665,3.653932813,62,466.57356,-0.231539,123,-0.051367,0.180171,62,8.813,9.082,10.766,17.572,0.469588455,0.996936344,1.67954,6.87839,3.307956,19.211387,248.6659,3916.35996,1.335,-68.78151,24.00297,1800.74892,892.10858,908.64034,-0.00463339,0.01340638,-0.02234495,0.00046301,0.12389756,0.01820694,0.48753805,282.72,221.55,8.27751,14.22683,0.40391994,0.00169403,-40.32187,-13.00397,-0.8137714,0.04156
31.00 ,,L31,9.8,7.71,10.68,14.18,10.5925,2.335309134,39,278.34899,-0.231626,74,-0.044691,0.186935,34,8.041,6.589,8.293,16.022,0.518444214,0.996269121,1.000342,4.213151,3.600404,23.292681,160.8523,2360.91484,1.3212,-71.87614,22.72062,1161.21756,653.79426,507.42329,-0.00342648,0.01392972,-0.02578925,0.00067656,0.08312559,0.01970865,0.52006507,177.52,147.65,8.08957,14.56814,0.40658412,0.00156238,-39.00687,-13.12034,-0.8001975,0.0472
32.00 ,,L32,11,7.22,10.21,9.28,9.4275,1.412433627,29,224.2584,-0.224409,59,-0.046674,0.177735,25,6.725,4.242,9.434,13.282,0.492692336,0.987509294,0.415287,1.864489,0.591431,20.686763,221.1697,1852.331,1.3567,-50.10124,24.88919,942.48478,451.01955,491.46523,-0.00371311,0.01731789,-0.02301334,0.00035741,0.18467413,0.02028611,0.55205974,112.71,151.22,8.51865,14.87601,0.41132284,0.00182787,-39.59151,-12.99328,-0.840364,0.049522
33.00 ,,L33,9.58,7.66,9.03,9.41,8.92,0.754221453,36,286.32796,-0.22931,75,-0.065179,0.164131,33,7.495,7.074,8.385,14.877,0.490407437,0.992461641,1.061345,4.848301,3.720857,20.905916,298.0148,2300.81312,1.3945,-70.07418,25.0602,1129.46305,549.05158,580.41147,-0.00448612,0.01662639,-0.02445792,0.00061282,0.12369314,0.02078455,0.5619389,145.48,170.8,8.24967,14.82892,0.40681593,0.00173917,-39.24519,-13.07163,-0.8493533,0.050161
34.00 ,,L34,7.94,8.39,10.87,14.14,10.335,2.463904422,59,386.53017,-0.233866,104,-0.046268,0.187598,55,7.962,9.151,10.542,15.27,0.436747419,0.958929917,1.573858,6.697821,3.234651,14.449198,210.2159,3373.77544,1.2838,-67.98649,22.52515,1563.66868,682.4046,881.26408,-0.00382755,0.01254529,-0.01650581,0.00045525,0.14839616,0.01468717,0.40211327,295.03,142.84,8.29707,14.79315,0.40467264,0.00128226,-39.41459,-13.02358,-0.7645493,0.039176
35.00 ,,L35,4.27,4.1,6.65,8.03,5.7625,1.652322229,62,474.55416,-0.226977,125,-0.051154,0.175823,55,11.22,6.923,12.707,22.192,0.530629812,0.988948307,1.044747,4.568962,1.529041,34.638089,427.3025,3897.19795,1.3645,-76.10593,29.16209,1871.30386,940.5195,930.78436,-0.00511189,0.01524796,-0.02568468,0.00066326,0.12955572,0.02083267,0.55617821,268.31,255.71,8.32113,14.79629,0.40742412,0.00166068,-39.99939,-12.96717,-0.8360644,0.05032
36.00 ,,L36,7.24,8.99,8.3,9.53,8.515,0.855526154,37,267.32628,-0.230097,71,-0.047899,0.182198,35,7.883,5.419,9.429,15.547,0.511498602,0.986109349,0.651964,3.016071,2.913875,28.662492,286.5305,2276.10243,1.3161,-74.33813,27.14571,1131.53082,599.17529,532.35553,-0.00468964,0.0156361,-0.0275666,0.00081606,0.12888904,0.02182142,0.57821705,163.75,153.12,8.0723,14.31848,0.40864045,0.00141654,-39.78387,-12.89795,-0.8119001,0.050455
37.00 ,,L37,7.38,16.88,7.25,7.16,9.6675,4.164873197,34,262.28612,-0.213661,69,-0.018398,0.195263,26,6.013,6.501,10.919,11.804,0.403914591,0.981539997,1.183438,4.10297,2.035163,6.813492,181.7087,2274.36555,1.2923,-29.90463,15.69718,1085.06966,520.50556,564.5641,-0.00231786,0.01230114,-0.01579599,0.00014351,0.21309011,0.01411616,0.38421172,177.12,126.73,6.91468,13.6714,0.39753919,0.00218253,-32.60226,-12.82851,-0.7619126,0.031277
38.00 ,,L38,55.59,45.2,4.69,26.16,32.91,19.41235045,87,554.54914,-0.191455,145,-0.000629,0.190826,69,8.134,10.195,12.513,15.57,0.406761064,0.957093681,1.832838,8.09346,1.864569,15.39513,137.122,4786.05058,1.2984,-30.59173,15.03834,1829.92073,1239.35354,590.5672,0.00122336,0.00719084,-0.01129988,0.00016238,0.12157375,0.00815623,0.23175781,447.21,65.22,6.28317,13.58132,0.39997073,0.00118722,-29.5663,-12.86975,-0.702236,0.012754
39.00 ,,L39,58.19,53.83,6.67,6.84,31.3825,24.67576886,75,542.45385,-0.191056,139,-0.01896,0.172096,64,7.46,10.567,11.514,14.242,0.392093164,0.954557641,1.933755,7.949086,1.928081,11.133343,210.1623,4441.53483,1.3686,-27.30071,16.09452,1687.05292,950.2068,736.84613,-0.00065385,0.0095024,-0.01375094,0.00015473,0.17468391,0.01145142,0.30906743,348.85,123.58,6.45058,13.64151,0.40109124,0.00153627,-32.34589,-12.89311,-0.7363133,0.019358
40.00 ,,L40,9.31,11.17,5.76,4.69,7.7325,2.619755475,52,398.41724,-0.213379,105,-0.018812,0.194567,43,8.398,7.333,12.945,16.023,0.441392799,0.953977137,1.03486,4.768507,0.00051,24.7603,0.0454,3448.22976,1.2948,-30.41988,16.23336,1588.5728,824.45207,764.12073,-0.00152174,0.01228098,-0.01641425,0.00016261,0.19465599,0.01436539,0.38828265,264.22,180.62,6.80095,13.67877,0.39409991,0.00240172,-32.88563,-12.28392,-0.7465771,0.031326
41.00 ,,L41,13.49,19.63,11.84,12.44,14.35,3.10508454,46,282.34164,-0.191832,77,-0.015208,0.176625,44,5.939,8.453,9.631,11.155,0.381510996,0.939131167,1.538944,6.153597,2.356713,8.826626,80.4353,2700.33594,1.1717,-42.76015,17.57151,1160.2824,609.46473,550.81767,-0.00051074,0.00990217,-0.01203235,0.00022539,0.17357776,0.0109512,0.29696937,252.94,71.98,6.52812,13.62143,0.39676118,0.00134812,-32.58812,-13.01951,-0.678738,0.015387
42.00 ,,L42,13.26,22.68,9.03,4.69,12.415,6.656164436,72,506.59841,-0.21291,135,-0.005244,0.207666,69,7.642,10.155,12.234,15.202,0.40440531,0.994634912,1.971838,7.395943,3.591501,6.947032,137.6165,4409.07396,1.2875,-34.94493,24.86906,1811.41117,1052.37303,759.03814,-2.26E-05,0.01333164,-0.01853772,0.00023537,0.18197285,0.01551682,0.42213433,303.31,203.94,6.54988,13.64766,0.3944587,0.00226827,-33.8218,-12.88467,-0.7495999,0.03083
43.00 ,,L43,61.43,45.66,11.19,6.96,31.31,22.97212332,60,481.34796,-0.200691,121,-0.020386,0.180305,55,8.117,7.823,13.353,15.96,0.42977165,0.983121843,1.341451,5.466961,0.947911,18.190519,228.5744,3744.52662,1.4405,-44.612,17.58826,1604.3644,860.15121,744.21319,-0.00229224,0.01119738,-0.01788336,0.00024889,0.15193923,0.01455797,0.38908988,282.17,167.1,6.85324,14.17068,0.40566983,0.001745,-36.53094,-13.0939,-0.7522358,0.025731
44.00 ,,L44,61.45,45.4,11.13,6.86,31.21,22.97793833,63,495.37458,-0.200696,125,-0.020515,0.180182,54,8.091,7.845,13.377,15.965,0.429316697,0.986590038,1.362291,5.432509,1.021052,17.921992,229.8097,3888.23079,1.4277,-43.43404,17.59159,1652.52147,864.59677,787.9247,-0.00218025,0.01127018,-0.01693953,0.00022546,0.16205676,0.01416573,0.38023376,295.86,166.89,6.8539,14.01551,0.40509934,0.00163928,-35.9911,-13.10743,-0.7489445,0.025157
45.00 ,,L45,61.94,43.81,10.67,6.75,30.7925,23.03572701,64,529.3909,-0.201702,133,-0.022714,0.178989,60,9.121,8.871,13.43,18.094,0.447926724,0.991886855,1.557552,6.564029,1.297021,18.025849,208.3489,4086.34894,1.4517,-42.36904,17.00408,1782.67523,911.82016,870.85508,-0.00229448,0.0120369,-0.01730001,0.00021782,0.15965095,0.0147534,0.39750346,303.53,195.67,6.86693,14.24792,0.4052149,0.00189129,-36.5369,-13.10488,-0.7713303,0.028223
46.00 ,,L46,61.51,44.45,11.81,7.19,31.24,22.62025862,61,515.36429,-0.201984,129,-0.023113,0.178871,59,8.567,7.915,13.037,16.662,0.442973361,0.972452434,1.340071,5.605693,1.455845,22.754118,289.0884,3927.08168,1.4706,-44.94823,20.51939,1689.18599,844.96335,844.22264,-0.00252107,0.0130228,-0.01807858,0.00024155,0.17082605,0.01565732,0.42312567,267.08,205.94,6.87144,14.53444,0.40524553,0.00194402,-36.56745,-13.10554,-0.7760527,0.029097
47.00 ,,L47,59.34,50.42,10.88,7.9,32.135,22.98675434,57,441.32708,-0.195173,111,-0.016991,0.178182,52,7.15,8.86,11.935,13.438,0.392545205,0.93972028,1.454786,6.334183,1.077455,12.276277,225.8973,3487.42151,1.4181,-33.28763,17.29417,1448.22,808.38984,639.83017,-0.0008355,0.01057916,-0.01525728,0.00015893,0.19699103,0.01275684,0.34411452,275.72,129.82,7.01359,13.70071,0.40395835,0.00168779,-32.69426,-13.1035,-0.7462535,0.021879
48.00 ,,L48,7.22,14.72,8.11,6.2,9.0625,3.33553875,60,437.51355,-0.205886,116,-0.055036,0.15085,53,7.785,10.306,12.475,15.069,0.398124174,0.967822736,1.789962,7.81419,2.245504,14.594812,208.5467,3722.37015,1.3171,-46.22134,18.78293,1654.3613,807.18536,847.17594,-0.0038876,0.01157044,-0.01861595,0.00024883,0.16268028,0.01535048,0.41302401,276.72,186.55,6.85093,14.17064,0.40112951,0.00163302,-40.78328,-13.07767,-0.7785714,0.03734
49.00 ,,L49,6.29,19.88,9.13,6.99,10.5725,5.474588455,56,380.46378,-0.190297,102,-0.021183,0.169114,54,7.228,8.412,11.251,14.255,0.420278318,0.986095739,1.370851,5.87378,2.036415,15.929715,90.6273,3300.10311,1.2919,-51.48275,16.30457,1401.41206,753.41297,647.99909,-0.002177,0.01026306,-0.01664076,0.00027659,0.13455843,0.01350018,0.35951806,268.22,124.21,6.72665,14.0628,0.40370709,0.00150839,-40.59876,-13.09645,-0.7372801,0.029331
50.00 ,,L50,12.06,17.04,7.19,6.96,10.8125,4.132259521,63,429.53458,-0.210638,115,-0.021045,0.189593,61,8.948,8.281,11.35,17.501,0.471318539,0.977928029,1.493775,5.854503,2.91082,15.391447,253.2894,3776.3707,1.2746,-43.43957,19.07629,1658.80542,783.63598,875.16944,-0.00264456,0.01197403,-0.0157342,0.00018432,0.20289597,0.01393467,0.3798127,293.21,171.3,6.97139,13.9139,0.40271798,0.00140684,-41.87897,-13.1104,-0.7537514,0.030219
51.00 ,,L51,16.61,16.88,7.28,6.03,11.7,5.06521964,57,401.48134,-0.213663,107,-0.020214,0.193449,55,8.796,8.135,11.239,17.472,0.474189871,0.993178718,1.453815,5.931333,1.04081,16.480986,327.2267,3500.32917,1.2853,-43.7567,17.6815,1599.1687,772.27514,826.89356,-0.00299201,0.01169155,-0.01670568,0.00022137,0.17208668,0.01434991,0.38869406,281.88,165.93,6.92273,13.81617,0.40162521,0.00169286,-40.61427,-12.9688,-0.7610558,0.034123
52.00 ,,L52,62.42,58.34,16.93,4.41,35.525,25.28726211,39,331.19023,-0.20189,81,-0.018228,0.183662,39,7.563,7.144,7.437,14.976,0.506682004,0.9900833,1.141439,4.949961,1.715046,16.08381,203.2233,2442.21443,1.5196,-46.90567,21.03929,1161.82068,630.26851,531.55218,-0.00148306,0.01362357,-0.01939519,0.00029488,0.16819626,0.01642589,0.44257099,178.9,146.44,8.31277,14.42363,0.41352636,0.00167115,-38.75246,-12.74201,-0.7727068,0.03268
53.00 ,,L53,23.61,19.2,10.97,6.46,15.06,6.72551485,56,409.52466,-0.213782,109,-0.018554,0.195228,49,7.828,8.093,12.276,14.608,0.417645882,0.933060807,1.303242,5.464278,4.763721,17.555052,66.7127,3496.74624,1.3124,-54.55534,25.49249,1528.80122,838.12509,690.67613,-0.0012236,0.01356981,-0.01917519,0.00041774,0.12150713,0.01624563,0.43816272,248.88,179.23,6.82827,13.704,0.39927806,0.00178949,-37.90065,-12.92882,-0.7416979,0.029786
54.00 ,,L54,10.88,10.71,7.45,5.49,8.6325,2.271611487,63,471.59422,-0.211911,125,-0.02654,0.185371,55,7.726,8.775,11.49,15.233,0.429122767,0.985827077,1.605844,6.408861,4.689234,20.419947,387.0261,3960.71626,1.3343,-52.38915,28.50642,1680.02149,899.69684,780.32466,-0.00143266,0.0126875,-0.01771289,0.00038343,0.13354392,0.01516367,0.40876008,296.25,174.2,7.07982,13.74332,0.40113913,0.00158188,-37.34849,-13.09929,-0.7578656,0.031155
55.00 ,,L55,8.59,9.23,6.02,4.17,7.0025,2.029179329,87,596.78187,-0.143437,160,-0.015252,0.128185,85,10.158,8.235,16.717,16.779,0.402075196,0.825900768,1.162405,5.730818,5.766912,5.335817,306.3825,5193.75847,1.2876,-185.21435,-14.963,2372.07081,0,2372.07081,-0.09088862,0,-0.09088862,0.00204486,0,0.03352314,2.47320523,0,664.25,6.60992,13.64075,0.38228839,0.00167566,-39.4115,-13.28844,-0.8175751,0.054044
56.00 ,,L56,4.91,5.15,5.22,5,5.07,0.121860576,56,415.46487,-0.202127,110,-0.045609,0.156518,48,7.662,7.911,11.877,15.29,0.43588574,0.997781258,1.324,5.529346,2.452285,21.284385,182.3573,3422.76758,1.3602,-35.83257,18.86592,1484.91102,784.43434,700.47668,-0.00241101,0.01188299,-0.01841827,0.00018322,0.18959923,0.01518659,0.40724214,238.8,177.01,7.71546,13.80846,0.40073424,0.00144483,-37.14374,-12.62815,-0.7820948,0.041381
57.00 ,,L57,11.86,19.56,8.69,7.63,11.935,4.669295985,54,387.45473,-0.215057,103,-0.035528,0.179529,47,8.083,8.04,11.918,16.097,0.446456802,0.995731783,1.298155,5.798979,1.454514,17.291534,191.5616,3335.00042,1.3019,-43.38887,16.75606,1472.07407,753.68789,718.38618,-0.00263963,0.01139904,-0.01736816,0.00024785,0.15424685,0.01450442,0.38945011,262.28,149.94,6.87832,13.96842,0.40161524,0.00169417,-39.64931,-12.70476,-0.755705,0.032239
58.00 ,,L58,12.4,12.81,8.52,7.8,10.3825,2.241722273,58,417.48075,-0.20425,111,-0.032645,0.171606,51,8.082,8.432,14.245,16.11,0.415345348,0.996659243,1.312384,6.164021,2.055024,28.146439,225.308,3557.51609,1.315,-46.30555,23.56418,1579.09685,763.02791,816.06893,-0.0035752,0.01296814,-0.01904329,0.00029463,0.18642753,0.01622352,0.43831405,256.64,185.55,6.81032,15.10031,0.40343688,0.00179132,-39.73297,-12.71831,-0.7643924,0.037779
59.00 ,,L59,11.72,18.64,9.31,11.56,12.8075,3.499624087,57,455.45273,-0.213753,119,-0.051486,0.162268,55,7.537,9.085,13.313,14.093,0.386204818,0.934921056,1.458575,6.701916,2.778954,27.301055,210.1218,3555.87938,1.4353,-38.42559,19.97704,1563.89581,797.05006,766.84576,-0.00051266,0.01271273,-0.01425896,0.00017191,0.22885606,0.01348679,0.36656221,278.2,159.74,6.91786,16.26438,0.41943202,0.00291947,-43.18561,-13.09839,-0.8404607,0.069346
60.00 ,,L60,12.02,18.79,9.15,6.09,11.5125,4.695861875,54,387.45473,-0.209903,103,-0.038558,0.171345,47,7.902,10.059,12.145,15.727,0.414621286,0.995127816,1.764359,7.802907,1.460311,12.561177,161.6217,3342.58991,1.2989,-43.06619,18.2929,1509.16631,738.55605,770.61026,-0.00383669,0.0108759,-0.01793729,0.00020712,0.17389755,0.01467495,0.39406403,262.29,160.32,6.89465,13.79825,0.40301275,0.00160732,-39.67951,-13.10142,-0.7672659,0.033903
61.00 ,,L61,12.18,19.65,8.71,7.58,12.03,4.714652691,54,387.45473,-0.21528,103,-0.034854,0.180426,52,8.671,7.9,11.969,17.339,0.466001935,0.99982701,1.236109,5.537572,1.60128,17.716987,207.4689,3350.32589,1.2959,-40.18046,17.98792,1503.19995,763.71341,739.48655,-0.00245288,0.01139591,-0.01675539,0.00023398,0.17363867,0.01421122,0.38184272,260.76,160.18,6.88278,14.64655,0.40174871,0.00172922,-39.5826,-12.70485,-0.7514385,0.032087
62.00 ,,L62,11.78,19.26,9.08,7.32,11.86,4.558135584,58,413.49208,-0.213738,110,-0.039218,0.17452,51,8.357,8.215,11.289,16.602,0.459812774,0.993299031,1.275023,5.800503,1.788508,16.599631,188.7505,3528.07119,1.3133,-43.9078,17.15982,1503.17741,851.6971,651.4803,-0.00199905,0.01073206,-0.01864275,0.00027114,0.14635632,0.01451616,0.38532868,267.05,153.88,6.84741,13.91835,0.4016989,0.00175412,-36.97796,-12.77172,-0.7587949,0.032615
63.00 ,,L63,7.27,19.23,9.2,6.05,10.4375,5.199102687,52,407.44444,-0.211283,107,-0.041486,0.169797,48,7.59,10.891,11.542,15.071,0.401850469,0.992819499,1.876513,8.506658,1.769411,14.199111,168.351,3378.2709,1.3515,-40.92117,20.88185,1547.82476,680.63853,867.18622,-0.00480903,0.01264347,-0.01850718,0.0002152,0.19743404,0.01571752,0.43344149,241.3,192.14,6.99805,14.54953,0.40305741,0.0018939,-39.103,-13.07986,-0.7965718,0.036835
64.00 ,,L64,10.7,21.07,9.13,6.64,11.885,5.497010551,51,373.42811,-0.210373,99,-0.041096,0.169278,49,7.467,8.398,11.754,14.931,0.425590742,0.999799116,1.399094,6.131105,1.996634,14.388724,168.4771,3180.51894,1.3157,-47.15411,18.30631,1394.61667,708.78617,685.8305,-0.0029337,0.01139981,-0.01774697,0.0002409,0.1678156,0.01472247,0.39514072,242.34,148.19,6.77855,14.06422,0.40377006,0.00177547,-39.23431,-13.01046,-0.7657551,0.033753
65.00 ,,L65,8.64,11.15,5.84,4.43,7.515,2.588517916,64,553.47676,-0.211799,143,-0.040762,0.171037,59,8.756,10.115,14.511,17.393,0.413931793,0.99320466,1.701898,6.508652,2.702725,37.801743,664.3333,4020.84207,1.5425,-41.56114,29.38953,1854.57177,974.03425,880.53751,0.0018337,0.01626032,-0.01412475,0.00022476,0.24999921,0.01521619,0.41487463,291.33,228,7.02956,16.2597,0.43047366,0.00351565,-43.15173,-13.24006,-0.897466,0.087881
66.00 ,,L66,10.13,19.9,6.76,6.42,10.8025,5.448964925,63,591.44874,-0.227079,151,-0.051154,0.175925,42,8.414,10.686,14.071,16.661,0.402264716,0.990076064,1.742493,7.589346,2.301127,14.115425,618.6862,4017.12984,1.6499,-38.38318,24.04921,1792.87647,1063.73659,729.13988,0.00458669,0.01627989,-0.01247244,0.00019298,0.24619382,0.01426896,0.40086315,301.91,200.15,7.18566,16.34645,0.44420777,0.00402204,-43.21435,-12.68859,-0.9549604,0.100224
67.00 ,,L67,11.47,19.17,6.6,5.83,10.7675,5.311366938,60,523.45074,-0.222034,135,-0.043504,0.17853,41,8.554,8.343,12.45,16.867,0.44787573,0.985913023,1.361674,5.720672,2.440497,22.566624,464.8907,3784.96513,1.5497,-34.83433,22.4425,1645.43048,903.94494,741.48554,0.00240278,0.01537072,-0.01340644,0.00018596,0.24998901,0.01436053,0.39417188,267.5,193.27,7.07281,16.27738,0.43161016,0.00369442,-43.1698,-12.69481,-0.8979975,0.086566
68.00 ,,L68,5.1,5.05,3.92,4.36,4.6075,0.49302003,78,622.67401,-0.198306,163,-0.044552,0.153753,78,7.763,11.646,12.323,14.274,0.373244777,0.919361072,2.459841,9.929176,2.22487,12.974653,449.1548,5132.15009,1.3596,-32.09974,15.74538,2065.32582,919.49035,1145.83547,-0.00450219,0.01129359,-0.01717772,0.00016496,0.19008122,0.01443724,0.39614567,339.87,238.48,6.98741,13.64733,0.40078268,0.00184543,-36.51687,-13.12447,-0.7750779,0.031276
69.00 ,,L69,5.71,6.42,10.26,12.05,8.61,2.634492361,93,622.83913,-0.220484,167,-0.007329,0.213155,87,9.086,11.573,12.189,18.027,0.431381464,0.992020691,2.048757,9.241703,3.519579,21.832958,271.8538,5374.07491,1.2987,-41.42418,20.75139,2153.19433,1105.92642,1047.26791,-0.0027303,0.01119465,-0.01743521,0.00028758,0.17046636,0.01451151,0.38721602,383.82,219.14,8.48307,14.81387,0.40434853,0.00120356,-42.35629,-12.92744,-0.7742775,0.038355
70.00 ,,L70,6.54,6,6.21,5.58,6.0825,0.348164832,91,598.81766,-0.225798,161,-0.002798,0.223,86,9.346,8.545,15.399,17.39,0.420719021,0.930344532,1.459168,5.7714,2.248683,34.258732,187.102,5284.47208,1.2698,-47.74415,22.30761,2229.04196,1276.95286,952.0891,-0.00161541,0.01112924,-0.01870867,0.00028831,0.15686836,0.01467101,0.39093596,401.16,223.04,8.3309,14.65697,0.40341602,0.00127342,-42.80612,-13.11264,-0.7725095,0.037219
71.00 ,,L71,4.45,8.85,4.4,4.79,5.6225,1.86943006,131,903.20238,-0.222608,241,-0.014735,0.207872,68,9.576,12.013,14.303,18.313,0.410338569,0.956192565,2.230706,10.130624,2.606096,31.26305,411.7287,7740.00289,1.3076,-54.74473,20.04045,2817.75331,1505.09909,1312.65422,-0.0034225,0.01099529,-0.01995405,0.00030898,0.12131221,0.01564305,0.4127624,490.29,298.76,8.38865,13.70627,0.40197188,0.00131945,-39.71205,-13.10138,-0.7889351,0.034795
72.00 ,,L72,5.99,5.67,6.15,8,6.4525,0.910010302,45,332.39649,-0.235137,88,-0.003475,0.231663,38,6.405,6.768,12.029,12.339,0.396293679,0.96323185,1.02548,4.390241,1.968448,17.73852,152.6258,2756.44489,1.3513,-49.22375,22.74992,1278.84257,640.41833,638.42424,-0.00409915,0.01397534,-0.0222301,0.00037638,0.15685952,0.01836853,0.49242489,188.47,169.64,8.25312,14.73617,0.41203083,0.00176115,-41.23839,-13.13802,-0.8053181,0.045294
73.00 ,,L73,4.45,4.78,3.85,3.42,4.125,0.526141616,65,484.58884,-0.227173,128,-0.01069,0.216483,61,8.428,8.275,11.719,16.434,0.451136488,0.974964404,1.448727,5.867606,2.438459,23.071477,280.4806,4005.86212,1.3556,-39.5002,23.46031,1711.8199,848.02472,863.79517,-0.00336411,0.01364643,-0.02006408,0.00029658,0.20046958,0.01705396,0.4594593,267.4,211.95,8.59707,14.30214,0.40935439,0.00153257,-40.94711,-13.14678,-0.7908853,0.039675
74.00 ,,L74,6.59,6.36,9.41,8.92,7.82,1.358547018,53,362.4656,-0.239261,97,-0.000843,0.238418,49,9.219,8.063,8.309,18.31,0.527939565,0.993057815,1.205793,5.590604,2.741403,21.335259,264.582,3127.01626,1.2989,-43.28892,23.74672,1434.79566,724.36054,710.43512,-0.00192432,0.01381331,-0.01797043,0.00030623,0.20419336,0.01598128,0.43189085,225.41,176.37,8.4723,14.52833,0.40880661,0.00154317,-41.75583,-13.10724,-0.7850776,0.040477
75.00 ,,L75,4.21,3.99,3.41,3.42,3.7575,0.351238879,73,514.65796,-0.233647,137,-0.008566,0.225081,65,8.957,8.67,10.334,17.913,0.48522361,0.999944178,1.531709,6.053704,2.918617,18.219108,416.6691,4380.11683,1.3167,-41.26277,21.6369,1882.17564,960.63407,921.54158,-0.00282744,0.01270956,-0.01902353,0.00026437,0.18987628,0.01601227,0.42996639,301.74,225.32,8.54029,13.65336,0.40546846,0.00147986,-42.98024,-13.11713,-0.7928204,0.038732
76.00 ,,L76,8.23,6.23,4.78,5.95,6.2975,1.241236782,115,711.0306,-0.220369,193,-0.003979,0.21639,79,9.136,11.444,16.581,18.255,0.394446845,0.999069615,2.283988,9.237748,2.832996,22.638436,377.036,6472.04069,1.2311,-47.76563,26.34358,2629.80945,1490.95593,1138.85352,-0.00141927,0.0098272,-0.01614285,0.00028588,0.1582424,0.01281849,0.34183557,534.68,201.74,8.41324,14.60328,0.40161572,0.00098583,-43.17434,-13.15429,-0.7503516,0.035387
77.00 ,,L77,11.74,11.36,9.12,9.45,10.4175,1.146393802,47,334.41237,-0.23948,89,-0.001351,0.238129,44,8.249,6.632,10.392,16.337,0.489703546,0.990241241,1.029426,4.247612,2.322655,21.767931,193.2564,2838.51681,1.3202,-48.65387,22.41774,1346.9286,734.58345,612.34515,-0.00234434,0.0136158,-0.0214905,0.00038879,0.13861005,0.01748861,0.46792204,206.03,171.15,8.34003,14.72672,0.40913403,0.00167536,-42.10902,-13.10545,-0.7937355,0.041811
78.00 ,,L78,4.46,5.04,6.82,5.08,5.35,0.883459111,67,486.60472,-0.231699,129,-0.013369,0.218331,59,9.204,7.424,12.077,18.347,0.484754809,0.996686223,1.141297,4.987054,2.742692,23.939443,214.754,4110.62512,1.3265,-46.54296,18.81933,1807.32821,951.23406,856.09415,-0.00276728,0.011576,-0.01870456,0.0002639,0.14879402,0.01523741,0.40688229,309.78,196.32,8.46875,13.70867,0.40531005,0.00147518,-42.06941,-13.07303,-0.7963811,0.038819
79.00 ,,L79,6.65,6.61,7.27,7.14,6.9175,0.291493997,67,486.60472,-0.228419,129,-0.009286,0.219133,66,8.141,8.548,12.238,15.789,0.431688312,0.969721164,1.65733,6.103175,2.325586,18.515655,284.978,4082.19392,1.3358,-45.87093,26.23685,1760.34979,889.09448,871.25531,-0.00429716,0.01318076,-0.02213294,0.0003299,0.18325483,0.01794074,0.47923306,270.19,222.76,8.4649,14.45182,0.4061687,0.00153384,-42.22693,-13.11465,-0.7974408,0.03976
80.00 ,,L80,7.08,5.91,5.9,5.33,6.055,0.636651396,87,638.79708,-0.231363,169,-0.017501,0.213862,79,9.165,10.601,12.937,17.54,0.426992551,0.956901255,1.84366,8.11146,2.496908,17.327783,428.7762,5333.05477,1.3422,-52.85941,19.8684,2221.71106,1109.56142,1112.14963,-0.0047086,0.01181205,-0.02119079,0.00030738,0.11185615,0.01683813,0.44917513,365.87,256.27,8.47902,13.68605,0.40453834,0.00153837,-41.99015,-13.10452,-0.7971878,0.036391
81.00 ,,L81,5.63,6.01,13.28,11.89,9.2025,3.420653264,53,362.4656,-0.232065,97,-0.001133,0.230932,49,8.544,8.288,8.529,17.047,0.503395937,0.997600655,1.346525,6.143494,1.714009,14.03943,342.8574,3139.62031,1.2937,-46.58657,20.28229,1445.2372,751.76208,693.47512,-0.00240228,0.0127809,-0.01886162,0.00034544,0.13765657,0.0159174,0.42718177,236.91,167.8,8.30919,14.66848,0.40842106,0.0014652,-42.04399,-13.11921,-0.7808462,0.040061
82.00 ,,L82,5.05,4.31,7.45,6.65,5.865,1.246063803,77,562.7009,-0.231846,149,-0.009763,0.222083,69,9.225,10.155,10.217,18.082,0.470224164,0.980054201,1.805829,7.605127,2.652508,25.368468,341.6058,4712.02037,1.3382,-41.27873,24.62691,1985.61429,1033.89444,951.71985,-0.00302771,0.01380286,-0.02131148,0.00026048,0.18919096,0.01765041,0.47352689,288,268.03,8.55073,14.47545,0.40523111,0.00155253,-42.87198,-13.11118,-0.7992761,0.040693
83.00 ,,L83,6.06,6.54,3.68,5.5,5.445,1.083455121,97,714.89326,-0.228993,189,-0.016229,0.212765,85,8.972,12.561,13.172,17.374,0.403043589,0.968234507,2.202897,10.101847,3.043343,31.434201,479.1574,5926.87505,1.3516,-48.24132,22.59724,2340.15781,1147.28506,1192.87275,-0.00426073,0.0129743,-0.0208371,0.00026945,0.15411857,0.01716008,0.46211158,347.48,307.83,8.61446,13.70765,0.4034005,0.00160149,-39.35979,-12.85312,-0.8087133,0.03632
84.00 ,,L84,5.04,5.3,4.12,6.11,5.1425,0.710083622,67,486.60472,-0.231118,129,-0.004608,0.226509,60,7.843,10.714,11.431,15.217,0.407285477,0.970100727,2.095393,8.335788,1.440276,17.326976,295.8459,4082.12053,1.3358,-44.05967,19.35061,1770.25457,903.96609,866.28848,-0.00310459,0.01259843,-0.01949058,0.00026053,0.16049995,0.01619993,0.43459734,281.7,214.02,8.45484,14.71781,0.40557359,0.00168285,-42.21975,-13.13119,-0.7914139,0.035475
85.00 ,,L85,3.4,3.15,4.24,5.72,4.1275,1.004175657,87,638.79708,-0.232521,169,-0.016407,0.216114,76,8.627,9.692,15.218,16.511,0.398614229,0.956937522,1.884131,7.409541,3.809533,34.794065,292.324,5336.57829,1.3414,-45.91717,25.90043,2240.52147,1092.53494,1147.98653,-0.00330585,0.01446557,-0.02021884,0.0002638,0.20866348,0.01748864,0.47384276,318.5,308.91,8.63713,13.6694,0.40331363,0.00160549,-43.09395,-13.09209,-0.8049598,0.038289
86.00 ,,L86,6,8.63,6.69,6.93,7.0625,0.967248029,111,751.01002,-0.224705,201,-0.012057,0.212647,64,9.44,11.933,14.813,17.711,0.398384956,0.938082627,2.445223,10.151087,1.945346,29.836596,434.2688,6548.10745,1.2852,-46.74928,20.43197,2706.1233,1455.45093,1250.67237,-0.00285314,0.01051104,-0.01840551,0.00023872,0.15205468,0.01454852,0.3853017,492.28,265.51,8.46418,13.65416,0.40190972,0.00122882,-43.27379,-13.11684,-0.7743254,0.035802
87.00 ,,L87,9.34,9.86,13.25,12.68,11.2825,1.704470226,45,266.37971,-0.23579,73,0.02395,0.25974,38,6.543,6.671,9.637,12.95,0.442613986,0.989607214,1.116026,4.284451,1.986309,15.901312,85.2356,2468.77395,1.2091,-47.91376,20.54204,1163.49747,663.76381,499.73366,-0.001674,0.01047842,-0.01781527,0.00042306,0.12599994,0.0139394,0.37088214,231.36,94.45,8.26444,14.65443,0.41058136,0.00094772,-41.77328,-13.00798,-0.7218318,0.031899
88.00 ,,L88,11.79,12.18,12.06,12.3,12.0825,0.188994048,51,294.43295,-0.235286,81,0.011823,0.247109,44,6.898,6.893,9.214,13.723,0.460040228,0.994708611,1.25436,4.357895,3.090992,13.80997,88.5197,2757.68526,1.1964,-45.60524,19.52376,1247.34464,741.61091,505.73373,-0.00090036,0.01105066,-0.01842541,0.00036935,0.13692851,0.01423011,0.38206796,238.7,110.6,8.41252,13.80923,0.40824205,0.00075361,-41.86167,-13.33259,-0.7189791,0.031032
89.00 ,,L89,5.12,6.04,11.03,14.74,9.2325,3.894492104,46,340.41855,-0.22977,90,-0.047715,0.182056,35,7.989,7.004,12.132,15.346,0.445043791,0.960445613,1.047784,4.669375,1.42609,28.234767,205.7975,2879.54647,1.3248,-54.77856,25.65599,1385.02281,685.1564,699.86641,-0.00372339,0.01335292,-0.02044078,0.00035897,0.16362727,0.0171284,0.46081088,220.37,167.48,8.22925,14.41237,0.40689515,0.00148621,-41.37567,-13.02036,-0.8110403,0.044904
90.00 ,,L90,6.11,6.78,11.02,15.34,9.8125,3.705262305,42,314.3812,-0.231775,83,-0.049107,0.182669,41,7.18,7.674,8.451,13.695,0.459255533,0.953690808,1.296795,5.345261,3.413162,29.404533,237.5327,2645.48307,1.3317,-69.11882,24.54914,1258.29893,624.99469,633.30423,-0.00436351,0.01554765,-0.02401342,0.00058888,0.13080075,0.02009481,0.53901641,179.99,172.37,8.21336,14.21699,0.40715969,0.00164703,-40.24849,-12.96761,-0.8095582,0.045448
91.00 ,,L91,9.02,16.1,9.48,6.8,10.35,3.470979689,54,387.45473,-0.210812,103,-0.041464,0.169348,47,7.939,8.545,11.577,15.865,0.440853642,0.999181257,1.411179,6.095971,1.739273,16.961893,179.3993,3329.10031,1.3042,-39.74768,16.38917,1452.02614,747.38979,704.63635,-0.00234124,0.01139847,-0.0169146,0.00021548,0.17755544,0.01424239,0.38300917,251.76,154.85,6.83577,14.13946,0.40228986,0.00175544,-35.87924,-12.94736,-0.7569068,0.030883
92.00 ,,L92,9.62,15.97,9.29,6.26,10.285,3.533839979,58,413.49208,-0.211561,110,-0.037581,0.173979,50,8.675,9.204,11.394,17.028,0.4525594,0.981440922,1.649502,6.939682,1.863928,13.734601,166.7352,3547.68548,1.3061,-43.76878,16.77953,1616.9871,823.87216,793.11493,-0.002942,0.01053121,-0.01693769,0.00022496,0.16042756,0.01393152,0.37207541,290.24,162.56,6.87099,14.03455,0.40033574,0.00169685,-36.51038,-13.10413,-0.7581466,0.032324
93.00 ,,L93,8.71,7.62,10.91,11.1,9.585,1.472896806,50,370.44457,-0.234904,98,-0.004556,0.230348,48,7.9,6.993,10.494,15.315,0.466892263,0.969303797,1.221011,4.615521,2.571663,15.181121,189.9098,3006.22217,1.3809,-47.39671,20.28603,1436.48676,722.2136,714.27316,-0.00412733,0.01239617,-0.02083453,0.00040646,0.12675146,0.01701433,0.45149205,232.94,169.31,8.32653,14.76082,0.40888124,0.00159243,-41.25377,-13.18205,-0.804182,0.046525
94.00 ,,L94,6.77,5.82,7.74,7.81,7.035,0.81303444,53,384.47119,-0.23494,102,-0.004416,0.230525,52,7.87,7.4,10.695,15.231,0.457030547,0.967662008,1.24783,4.937573,2.40641,14.730831,180.7239,3141.98583,1.3712,-47.65428,19.67776,1470.45668,709.3447,761.11198,-0.00423473,0.01249388,-0.01982555,0.00035291,0.13615735,0.01645527,0.44323989,242.72,169.05,8.3554,14.75434,0.40846259,0.00151019,-41.81498,-13.18582,-0.7936205,0.043838
95.00 ,,L95,8.42,7.43,12.28,12.41,10.135,2.238018096,56,398.49781,-0.234822,106,-0.004326,0.230496,54,7.72,7.537,11.606,14.941,0.438358174,0.967681347,1.292628,5.111881,2.714194,13.842957,180.5105,3279.75858,1.3615,-48.6457,20.02205,1525.88763,759.28245,766.60519,-0.00400132,0.01174438,-0.01959661,0.00037233,0.14053459,0.01603461,0.42692853,257.26,170.03,8.33933,14.74742,0.40703051,0.00148512,-41.76414,-13.1911,-0.7892375,0.0421
96.00 ,,L96,4.29,9.66,9.76,9.73,8.36,2.350095743,57,432.51414,-0.229663,114,-0.004442,0.225221,56,7.779,7.906,11.992,15.551,0.438686564,0.999550071,1.372254,5.700982,1.948746,9.972418,99.522,3480.80306,1.3924,-49.11085,18.83534,1547.49727,783.8636,763.63366,-0.00438953,0.01210392,-0.02131992,0.00034247,0.11966119,0.01704475,0.45311523,255.5,177.84,8.29167,14.74116,0.40708257,0.00159618,-41.60585,-13.22443,-0.8125218,0.044621
97.00 ,,L97,7.69,5.55,9.27,4.65,6.79,1.808148224,59,434.53002,-0.232281,115,-0.007533,0.224748,58,8.451,8.446,10.948,16.59,0.461038239,0.981540646,1.462513,5.982263,1.456424,18.260033,218.8889,3561.03256,1.3674,-48.91306,18.99441,1577.18545,782.40203,794.78341,-0.00364221,0.01301642,-0.02004131,0.00028705,0.14069002,0.01671608,0.45052359,249.17,192.49,8.34663,14.78468,0.40699531,0.00158356,-41.44242,-13.17271,-0.8031452,0.042034
98.00 ,,L98,7.19,6.6,6.73,6.9,6.855,0.220737401,46,344.40722,-0.236328,91,-0.00517,0.231158,45,8.785,7.539,8.092,17.461,0.527650187,0.993796244,1.251157,5.182241,2.751771,17.190032,140.7506,2798.50358,1.3791,-44.34243,20.10889,1358.70608,676.8563,681.84978,-0.00321299,0.01428292,-0.02058078,0.00033568,0.15901943,0.01761136,0.4746596,198.53,181.94,8.32681,14.79988,0.40937797,0.00168229,-41.20081,-13.1839,-0.814758,0.048895
99.00 ,,L99,5.35,6.15,5.52,4.88,5.475,0.454780167,59,412.52443,-0.233417,110,-0.009772,0.223644,47,7.105,8.749,10.766,13.445,0.407918689,0.946164673,1.489565,6.660343,2.683499,12.675688,100.818,3436.04312,1.3454,-43.40428,19.69976,1480.63199,715.3027,765.32928,-0.00339991,0.01251948,-0.01827871,0.00036823,0.15943896,0.01572442,0.42167817,245.78,168.84,8.47501,14.57956,0.40674904,0.00140134,-42.06002,-13.20861,-0.7829607,0.039714
100.00 ,,L100,3.8,5.18,6.91,8.83,6.18,1.885457504,69,546.60712,-0.228287,143,-0.011214,0.217072,68,7.88,9.261,13.638,13.648,0.373436944,0.865989848,1.820613,6.848044,2.103306,18.386865,402.1722,4235.06767,1.4463,-45.16949,22.76081,1835.31253,945.43632,889.87621,-0.00145791,0.01503086,-0.01897616,0.00025619,0.19248701,0.01701471,0.46106403,262.45,251.49,8.31085,15.74086,0.41450844,0.00214669,-42.73978,-13.19516,-0.8517395,0.056605
101.00 ,,L101,6.21,6.76,6.7,10.14,7.4525,1.566227554,117,779.06325,-0.219183,209,-0.00574,0.213444,88,10.646,12.906,16.421,21.257,0.420231694,0.99835619,2.257685,10.583549,2.65471,14.810813,390.1531,6554.86901,1.3318,-51.32592,20.78703,2762.19288,1538.95062,1223.24226,-0.00303921,0.00859346,-0.01767417,0.00031137,0.12427892,0.01325927,0.3432681,557.09,216.4,8.24659,14.71419,0.39971865,0.00124942,-42.64605,-13.20511,-0.7674944,0.036535
102.00 ,,L102,6.95,6.72,6.19,6.44,6.575,0.28640007,87,638.79708,-0.205837,169,-0.039812,0.166025,82,10.343,9.903,13.601,20.663,0.467837979,0.998888137,1.717139,7.526084,2.774111,19.167041,441.2638,5282.83838,1.355,-42.69121,23.11,2255.52693,1077.08583,1178.4411,-0.00240079,0.01418797,-0.01756279,0.00025074,0.20988599,0.01595489,0.43405438,332.32,299.29,8.46622,14.43368,0.40405172,0.00144853,-42.04899,-13.11162,-0.8160322,0.043446
103.00 ,,L103,7.46,7.49,7.58,7.65,7.545,0.075,101,762.9362,-0.204239,201,-0.040385,0.163855,98,11.656,9.232,12.637,23.01,0.512711959,0.987045299,1.553611,6.876491,4.019946,31.41841,608.1332,6195.0771,1.38,-44.38431,23.45058,2501.17156,1151.34453,1349.82703,-0.00431529,0.01460436,-0.02045295,0.00027169,0.2098801,0.01769627,0.4832935,339.3,361.1,8.53935,14.85719,0.40310682,0.00159158,-41.98665,-13.11414,-0.8311742,0.043162
104.00 ,,L104,8.37,7.75,7.28,7.14,7.635,0.480754615,107,790.98944,-0.205571,209,-0.036413,0.169157,99,10.224,10.263,16.842,18.781,0.409296953,0.918476135,1.896362,7.807236,3.620604,23.511782,610.4042,6528.9639,1.3576,-39.21399,24.37504,2612.00355,1318.77071,1293.23284,-0.00201462,0.01381459,-0.01815641,0.0002228,0.22391076,0.01604753,0.43441007,400.41,331.03,8.60892,14.53378,0.40386951,0.00143415,-38.42961,-13.10452,-0.8107045,0.04032
105.00 ,,L105,4.7,4.5,7.08,7.52,5.95,1.36077184,65,484.58884,-0.232374,128,-0.008836,0.223539,57,9.29,8.696,9.355,18.24,0.502603951,0.981700753,1.628946,6.539419,2.14359,23.500783,405.0546,4030.3045,1.3474,-41.00338,22.78705,1814.62806,940.01034,874.61771,-0.00309107,0.01389121,-0.02134307,0.00027755,0.18404297,0.01773372,0.47573305,262.53,245.62,8.522,14.3181,0.40766071,0.00162021,-41.92678,-13.11506,-0.8079545,0.043324
106.00 ,,L106,7.61,12.2,8.39,7.31,8.8775,1.958333156,62,483.56099,-0.213638,127,-0.023798,0.189839,59,9.04,8.371,11.559,18.057,0.475346829,0.998727876,1.438019,5.818385,12.952348,56.680154,331.8635,3944.34277,1.3738,-66.41146,46.57418,1754.2868,1016.14101,738.14579,-0.00035555,0.0223964,-0.03167618,0.00109978,0.16233319,0.02635884,0.71568736,193.13,298.12,8.33228,15.79179,0.40696044,0.00188752,-41.34623,-13.05188,-0.8300686,0.042941
107.00 ,,L107,4.15,9.78,3.67,3.54,5.285,2.605115161,75,560.68502,-0.229966,148,-0.014247,0.215718,67,9.108,7.314,13.929,17.989,0.458528752,0.987538428,1.094369,4.89066,3.324987,28.468478,173.7913,4632.29318,1.3563,-44.70078,18.5623,1958.75423,1008.66821,950.08603,-0.00216635,0.01251784,-0.01775597,0.00024535,0.1656606,0.01520875,0.40976462,326.53,221.98,8.62228,13.67106,0.40539253,0.0015161,-41.02774,-13.10282,-0.8002677,0.037833
108.00 ,,L108,6.94,6.15,5.75,5.39,6.0575,0.576080507,94,678.86105,-0.23169,180,-0.017105,0.214585,86,9.149,10.512,13.312,17.449,0.422770334,0.953601487,1.841677,8.368328,2.599196,16.57993,393.0983,5658.24053,1.3445,-53.82272,18.3976,2314.81635,1144.84287,1169.97348,-0.00451619,0.01120524,-0.01989994,0.00029684,0.1162564,0.0159085,0.4244918,401.55,246.66,8.44952,13.69885,0.40425907,0.0015075,-39.66946,-13.09761,-0.7933734,0.033763
109.00 ,,L109,11.38,8.51,14,13.69,11.895,2.2009373,73,470.64678,-0.238908,127,-0.001765,0.237143,68,8.391,10.657,13.247,16.744,0.411926786,0.997735669,1.932472,8.3807,1.944087,20.6305,206.7135,4130.18224,1.2769,-43.2931,22.6731,1800.51486,897.61153,902.90333,-0.00174681,0.01122807,-0.01464565,0.00027954,0.19803942,0.01304598,0.35216658,339.56,164.64,8.34426,14.45482,0.4050115,0.00129976,-42.49286,-13.12188,-0.7600774,0.035768
110.00 ,,L110,4.54,5.08,6.81,5.25,5.42,0.844245225,51,360.44972,-0.231794,96,0.000131,0.231926,47,6.816,7.306,9.829,13.538,0.44136537,0.99310446,1.268132,4.870994,2.89861,13.999925,313.3993,3052.82034,1.3231,-46.39602,21.95051,1326.69986,684.89897,641.80089,-0.00298693,0.01487186,-0.02204497,0.00038825,0.16036347,0.01858684,0.49910864,188.88,182.64,8.25913,14.70773,0.41090872,0.00148392,-41.73233,-13.14992,-0.7864135,0.042326
111.00 ,,L111,8.62,8.51,8.1,8.95,8.545,0.303685693,57,388.50295,-0.233713,104,-0.001467,0.232245,53,8.966,7.097,11.644,17.92,0.488802815,0.999330805,1.244861,4.690901,2.34237,13.675185,368.7123,3350.67825,1.2993,-49.37669,16.48993,1584.13617,884.63667,699.4995,-0.00154118,0.01159975,-0.01816014,0.00034546,0.11588823,0.01473585,0.39447223,279.89,163.72,8.23064,14.20615,0.40682741,0.00148226,-41.17523,-13.10907,-0.7758274,0.03933
112.00 ,,L112,4.58,6.7,10.59,10.58,8.1125,2.583615442,61,436.5459,-0.228905,116,-0.000846,0.228059,47,8.435,7.367,13.099,16.68,0.449038927,0.988737404,1.189786,4.967155,1.871649,18.126062,336.2494,3683.32668,1.3281,-49.29304,23.77814,1691.46936,915.01208,776.45728,-0.00226028,0.01308829,-0.02034772,0.00032631,0.14864153,0.01668744,0.4468295,273.99,199.67,8.33244,14.74686,0.40518416,0.001623,-41.53621,-13.13122,-0.7988686,0.041033
113.00 ,,L113,5.61,5.85,13.31,13.17,9.485,3.756284734,63,416.55619,-0.231831,112,-0.00114,0.230691,59,8.615,7.349,13.88,17.102,0.446166288,0.992571097,1.188176,4.904144,1.968236,17.619359,220.0943,3634.76138,1.2842,-44.26352,17.22427,1672.5521,915.59483,756.95727,-0.00178845,0.01059697,-0.01676952,0.00028238,0.14255451,0.01364915,0.36437451,311.01,157.35,8.38855,14.21437,0.40524685,0.0013847,-41.66481,-13.10941,-0.7670277,0.035688
114.00 ,,L114,8.88,8.96,10.09,12.51,10.11,1.465929739,49,292.41707,-0.232904,80,0.021183,0.254087,48,7.808,6.564,7.671,15.558,0.522203202,0.996285861,1.080233,4.094667,2.173356,15.054449,115.9151,2682.1423,1.2217,-40.28965,19.2404,1239.91158,708.68967,531.22192,-0.00102761,0.0112252,-0.01737378,0.00032401,0.14415426,0.01403284,0.37713526,238.49,108.72,8.34244,13.99389,0.41116844,0.00082957,-40.68161,-13.34996,-0.743891,0.039319
115.00 ,,L115,8.74,9.43,18.95,19.68,14.2,5.127314112,52,306.44369,-0.234262,84,0.023322,0.257584,50,7.061,6.703,10.43,13.935,0.448532252,0.98675825,1.124298,4.255331,1.982539,15.741659,82.249,2824.18444,1.2159,-48.09473,20.07334,1297.45859,742.81268,554.64591,-0.00145348,0.01002128,-0.01682112,0.00038938,0.12184826,0.01320345,0.35179196,268.37,94.95,8.23532,14.11003,0.40903241,0.00084162,-41.4355,-13.35278,-0.7223859,0.031092
116.00 ,,L116,14.63,14.08,12.23,11.81,13.1875,1.19286158,49,352.38292,-0.240101,94,-0.004802,0.235299,44,7.863,7.196,10.196,15.278,0.467646159,0.971512145,1.162071,4.792223,2.617191,28.946241,429.6486,2877.1193,1.3725,-45.41985,23.05947,1435.59263,853.06689,582.52574,-0.00298505,0.01347059,-0.02708313,0.00048152,0.12721892,0.0196937,0.51685847,217.4,184.61,8.44777,15.04266,0.42406248,0.00109104,-40.61456,-12.86056,-0.7939369,0.056801
117.00 ,,L117,6.43,6.43,5.94,5.82,6.155,0.278253482,103,698.93531,-0.18569,187,-0.05969,0.126,84,8.316,11.854,14.149,16.217,0.384107058,0.9750481,2.298582,8.767026,1.495739,27.668513,386.8618,5870.09365,1.3343,-42.2556,21.94145,2278.62613,1145.00432,1133.62181,-0.00175445,0.0111568,-0.01479534,0.00021056,0.19458346,0.01305704,0.35284945,418.67,219.41,8.26566,14.52574,0.40203056,0.00128068,-40.76168,-13.12396,-0.7819534,0.038091
118.00 ,,L118,3.92,4.17,6.34,6.49,5.23,1.189474674,89,618.80737,-0.179709,165,-0.056431,0.123278,79,8.019,8.05,15.322,15.38,0.396882742,0.95897244,1.557419,5.3784,4.49382,43.046461,158.9674,5155.08966,1.3451,-36.47241,23.32734,2001.53543,1084.76744,916.76798,-0.00169697,0.01398575,-0.02025358,0.00026565,0.20747531,0.01704249,0.45869193,317.22,243.27,8.44098,14.41723,0.40634524,0.00121504,-42.21259,-12.99017,-0.7815496,0.04268
119.00 ,,L119,8.55,9.12,9.21,9.61,9.1225,0.378508586,25,198.22105,-0.231861,52,-0.062113,0.169747,23,6.352,4.184,7.938,12.646,0.510578165,0.995434509,0.355188,1.783836,0.900772,22.215452,163.0657,1608.34734,1.3811,-54.47428,23.03503,829.08403,407.92489,421.15914,-0.00334976,0.01780833,-0.02384298,0.00043157,0.15928381,0.02094111,0.56800549,96.55,135.62,8.2614,14.89571,0.41199548,0.0018408,-39.57584,-13.07286,-0.8501497,0.054276
120.00 ,,L120,9.34,8.59,10.6,13.06,10.3975,1.69670821,37,280.32178,-0.231095,74,-0.041262,0.189833,34,7.089,7.249,9.199,13.869,0.457466108,0.978205671,1.092434,4.970679,2.874042,31.158315,351.1264,2287.43639,1.3733,-56.87043,29.80933,1141.77155,553.36404,588.40751,-0.00468391,0.01699932,-0.02507576,0.00047755,0.19508336,0.02131216,0.5758331,140.88,178.85,8.10739,15.20488,0.41126846,0.00171078,-40.40753,-13.21097,-0.8295946,0.055728
121.00 ,,L121,8.03,8.26,10.92,14.85,10.515,2.748476851,46,318.41296,-0.233658,85,-0.046029,0.187629,42,7.76,6.98,10.032,15.004,0.46864068,0.966752577,1.182389,4.676846,3.332994,15.729693,183.6451,2715.02314,1.3142,-71.02169,22.76386,1306.37308,673.32288,633.0502,-0.00386727,0.01254879,-0.02132767,0.00063551,0.11534646,0.01736947,0.45723044,220.86,144.96,8.13972,14.79441,0.40528901,0.00145941,-39.36458,-13.02437,-0.790733,0.045217
122.00 ,,L122,4.93,5.36,8.98,9.48,7.1875,2.05576476,45,350.41341,-0.229693,92,-0.067257,0.162436,38,8.081,7.692,8.423,15.808,0.495191555,0.97809677,1.271125,5.369556,3.563321,31.227179,317.1526,2881.92544,1.3625,-68.67998,26.14308,1352.19354,654.93196,697.26158,-0.00427206,0.01609155,-0.02339942,0.00055367,0.14486884,0.0199815,0.54041449,188.83,189.82,8.29117,14.22212,0.4053879,0.00169211,-40.21472,-13.06564,-0.8333182,0.046969
123.00 ,,L123,4.8,4.94,10.51,13.42,8.4175,3.694011201,59,430.54135,-0.22882,114,-0.045178,0.183642,46,8.253,9.344,12.614,16.143,0.423689667,0.978007997,1.661228,7.102254,2.077727,32.451704,340.6483,3610.48138,1.3363,-50.69072,21.59371,1635.05441,808.51776,826.53665,-0.00474361,0.01298961,-0.02209023,0.00030272,0.14117014,0.01785519,0.47865004,248.38,209.48,8.17757,13.86239,0.40352502,0.00147801,-38.15422,-13.1068,-0.802387,0.041328
124.00 ,,L124,12.25,12.67,15.25,14.61,13.695,1.264308111,33,250.29576,-0.236289,66,-0.021925,0.214363,29,7.497,6.57,7.517,14.816,0.512611148,0.988128585,1.067836,4.273099,3.010101,17.991749,149.54,2068.29338,1.3561,-41.89677,22.36325,1034.91363,544.29075,490.62288,-0.00228801,0.01498801,-0.02145382,0.00036293,0.17060398,0.01826075,0.49125434,148.48,141.32,8.09227,14.77463,0.408807,0.00176616,-40.22392,-12.91349,-0.8179306,0.045488
125.00 ,,L125,12.2,11.36,15.08,13.39,13.0075,1.397128752,38,292.33251,-0.24148,77,-0.04135,0.20013,35,7.557,5.619,9.112,15.105,0.506267596,0.999404526,0.904928,3.300603,0.477839,29.092314,164.7727,2393.16985,1.3688,-53.44922,22.79687,1191.63718,662.02087,529.61631,-0.00253279,0.01609043,-0.02581183,0.0005129,0.13144803,0.02077243,0.55541297,151.88,181.81,8.56797,14.63588,0.4108096,0.00191209,-40.90754,-13.09111,-0.837337,0.052027
126.00 ,,L126,10.2,11.64,15.76,5.15,10.6875,3.792725768,30,196.24663,-0.236745,53,-0.036907,0.199838,30,6.606,6.217,7.138,13.163,0.496379817,0.99629125,0.880397,3.446746,2.784168,23.077143,34.1419,1722.31053,1.2768,-65.56647,23.15037,895.02778,561.87344,333.15434,-0.00170297,0.01540733,-0.03055994,0.00080519,0.08110298,0.02151812,0.57273309,126.89,123.75,8.43492,14.86124,0.41613433,0.00139053,-40.0266,-13.41304,-0.7797248,0.057427
127.00 ,,L127,6.46,7.39,15.2,14.38,10.8575,3.956857181,44,320.38575,-0.23256,85,-0.039562,0.192998,41,9.172,5.868,9.243,18.27,0.547317336,0.995965983,0.912816,3.489759,3.108871,24.235486,206.4958,2702.00176,1.3287,-65.22864,26.65608,1330.16443,728.93132,601.23311,-0.00266888,0.01583033,-0.0250972,0.00058769,0.12686013,0.02038079,0.54474314,177.5,194.98,8.48474,14.83501,0.40877018,0.00176582,-39.57933,-13.1016,-0.8166601,0.050569
128.00 ,,L128,11.79,12.16,15.99,6.33,11.5675,3.442037006,30,196.24663,-0.244068,53,-0.033864,0.210203,29,5.915,6.368,6.724,11.46,0.466764418,0.968723584,1.177767,4.323662,0.588515,23.852519,50.9484,1726.01326,1.2741,-54.02988,22.13193,891.61,570.67987,320.93013,-0.00225181,0.01384401,-0.03087349,0.00068402,0.08966359,0.0206675,0.54351145,140.05,109.62,8.40199,14.63067,0.41377899,0.00108531,-39.7374,-13.29132,-0.7743243,0.059186
129.00 ,,L129,9.8,11.38,15.63,6.15,10.74,3.40122772,36,224.29986,-0.236309,61,-0.037005,0.199305,33,7.26,6.311,7.273,14.451,0.515462814,0.995247934,0.913718,3.826134,2.86642,22.341568,37.2643,2023.11441,1.2424,-65.03309,20.67879,1012.25931,634.87828,377.38103,-0.00152443,0.01413011,-0.02786049,0.00073588,0.08056807,0.01967482,0.52379042,156.78,126.69,8.42817,14.49294,0.4121056,0.00115564,-39.97143,-12.94706,-0.7645326,0.052016
130.00 ,,L130,10.8,11.19,15.88,5.42,10.8225,3.704756234,42,252.3531,-0.242986,69,-0.035825,0.207161,39,8.163,6.093,8.199,16.306,0.532910648,0.99877496,0.844707,3.706889,0.644808,25.01239,90.2406,2326.53335,1.2155,-53.50651,19.42817,1145.91839,752.72471,393.19368,-0.00075174,0.01248053,-0.02608341,0.0005819,0.0771996,0.01739216,0.46662136,205.34,115.55,8.43868,14.45068,0.40947038,0.00103514,-39.65176,-13.12995,-0.7524491,0.047101
131.00 ,,L131,10.85,11.4,15.89,5.59,10.9325,3.651865106,42,252.3531,-0.242787,69,-0.035384,0.207403,38,7.358,6.681,8.759,14.613,0.486240974,0.993000815,1.045029,4.287793,0.849843,24.391094,125.5863,2334.05595,1.2116,-53.75046,22.03784,1155.24041,744.77219,410.46822,-0.00071925,0.01251605,-0.024734,0.00062942,0.08250333,0.01707345,0.45870796,208.36,115.14,8.42934,14.77414,0.40953008,0.00107692,-39.7621,-12.94163,-0.7538452,0.049104
132.00 ,,L132,20.67,9.18,8.42,11.05,12.33,4.90929221,44,268.39723,-0.233589,73,-0.039466,0.194123,38,6.889,6.982,8.97,13.561,0.459492427,0.984250254,1.053,4.441373,5.54013,24.384021,96.8493,2531.32644,1.1882,-74.07669,24.69311,1198.71438,847.91967,350.79471,0.00066266,0.01428553,-0.0322657,0.00088064,0.0575183,0.01927644,0.53190875,182.26,153.41,7.96443,13.58664,0.40195983,0.00089596,-34.82213,-13.23232,-0.7550093,0.040424
133.00 ,,L133,5.23,6.28,6,6.79,6.075,0.56411435,42,332.39812,-0.220312,87,-0.055521,0.164791,37,7.563,5.714,10.16,15.126,0.487935484,1,0.825603,3.323243,5.602074,28.236045,227.2002,2733.64897,1.3626,-74.68106,19.28105,1289.54948,682.71666,606.83282,-0.00159848,0.01606213,-0.02146753,0.00063021,0.09770875,0.01873636,0.50628921,187.22,173.89,8.07921,13.7735,0.40309908,0.00158833,-36.95748,-13.05271,-0.8464989,0.046846
134.00 ,,L134,3.86,5.12,4.81,4.48,4.5675,0.466978319,82,556.73781,-0.208883,149,-0.0522,0.156682,70,9.955,9.005,11.406,19.896,0.493611531,0.999296836,1.537615,6.63765,0.844981,26.618305,125.773,4739.61378,1.3163,-45.19149,17.95692,1979.35096,1096.92422,882.42673,-0.00231645,0.01011913,-0.01777483,0.00030478,0.14123372,0.01392733,0.36822891,370.98,183.29,8.26711,14.15222,0.40403671,0.00124747,-40.73153,-13.11359,-0.7748177,0.042054
135.00 ,,L135,4.72,4.97,6.29,6.23,5.5525,0.713315323,76,572.69576,-0.210279,151,-0.051556,0.158723,75,8.784,11.223,13.255,17.325,0.414443939,0.986168033,1.955747,8.538455,2.149305,17.86221,278.0155,4714.28607,1.3613,-53.98329,20.6175,1979.17148,957.82885,1021.34263,-0.00464333,0.01257911,-0.02079476,0.0002906,0.15165227,0.01700657,0.45766165,302.35,251.88,8.28018,14.59967,0.40489772,0.00159804,-41.66771,-12.52867,-0.8119298,0.042251
136.00 ,,L136,5.93,6,4.54,4.2,5.1675,0.806888313,70,544.64252,-0.211956,143,-0.049841,0.162115,55,8.155,10.807,15.582,15.901,0.375999054,0.97492336,1.993248,8.390853,2.197841,8.684378,303.9497,4406.00728,1.3852,-54.62215,18.5008,1919.03904,860.8378,1058.20124,-0.00583032,0.01280513,-0.0209901,0.00030078,0.14533847,0.01724762,0.47126047,279.96,257.43,8.42281,14.76085,0.40559918,0.00167868,-40.99672,-13.10333,-0.8261763,0.044475
137.00 ,,L137,7.62,8.45,5.32,7.62,7.2525,1.166048348,68,515.60289,-0.232943,136,-0.005826,0.227117,56,8.968,9.228,10.123,16.747,0.46393152,0.933708742,1.758951,6.798695,2.306906,19.679977,164.0804,4103.81567,1.4079,-51.73062,19.03887,1825.38444,895.51063,929.87381,-0.00527849,0.01296894,-0.0228516,0.00036023,0.12563964,0.01835204,0.48989454,271.83,239.33,8.30758,14.81515,0.4095873,0.00153729,-41.95315,-13.19658,-0.8151652,0.047445
138.00 ,,L138,8.79,8.71,13.09,7.86,9.6125,2.040543739,54,374.47634,-0.238112,100,-0.002214,0.235897,42,9.828,7.969,9.228,19.525,0.53169762,0.993335368,1.183941,5.568257,1.252292,21.586608,343.196,3185.52795,1.3173,-47.55302,19.25667,1489.45693,878.0273,611.42963,-0.00139514,0.01245208,-0.02128008,0.00039775,0.1243372,0.01636377,0.43745081,248.32,168.77,8.20239,14.72452,0.40724285,0.001742,-40.86486,-13.10543,-0.7889387,0.038796
139.00 ,,L139,7.66,5.5,6.91,5.74,6.4525,0.877820454,55,390.47574,-0.222457,104,-0.051465,0.170992,46,7.238,7.259,12.443,12.701,0.391969879,0.877383255,0.987563,4.73056,0.3635,22.293232,260.7226,3280.5909,1.3338,-77.5532,22.60771,1491.59716,737.6924,753.90476,-0.00472196,0.01229931,-0.0213772,0.00043276,0.14252348,0.01723761,0.45953466,226.53,191.16,8.4414,14.10095,0.40844821,0.00118835,-39.18392,-13.07558,-0.8149335,0.054529
140.00 ,,L140,9.15,17.72,9.92,10.73,11.88,3.417696593,45,361.45736,-0.22411,95,-0.041677,0.182434,40,7.459,7.648,12.391,14.621,0.421840739,0.980091165,1.260634,5.198833,6.137523,20.400141,339.4472,2913.10321,1.3904,-54.79091,25.48517,1346.06168,699.50519,646.55649,-0.00376969,0.01669316,-0.02590831,0.00054358,0.15045659,0.02146778,0.57469063,174.26,202.68,8.26706,14.42387,0.4053169,0.00168652,-40.0057,-12.94388,-0.7984513,0.042562
141.00 ,,L141,7.12,8.94,8.24,9.78,8.52,0.974987179,37,267.32628,-0.229673,71,-0.048084,0.181589,36,7.646,6.81,9.457,15.248,0.483833095,0.997122679,0.974255,4.295597,3.021114,28.387953,258.7617,2270.81725,1.3192,-74.84699,27.40954,1122.26402,595.6263,526.63773,-0.00487832,0.01565926,-0.02810628,0.00083955,0.12798477,0.02210168,0.58504996,160.94,153.33,8.07233,14.11097,0.40916103,0.00144747,-40.33121,-12.90416,-0.814977,0.049951
142.00 ,,L142,7.19,7.25,4.21,4.32,5.7425,1.478163979,71,512.64208,-0.232434,136,-0.010529,0.221906,63,8.707,8.835,13.034,17.391,0.442969944,0.998679224,1.547442,6.341879,2.535412,27.002155,290.304,4295.5281,1.3373,-42.52906,23.28592,1862.34476,951.73399,910.61078,-0.00310215,0.01296392,-0.01989376,0.00028742,0.1837554,0.01659458,0.44496961,294.22,227.29,8.58534,14.35093,0.40562029,0.00152542,-41.7649,-13.10549,-0.7935264,0.039381
143.00 ,,L143,8.74,10.76,4.64,6.34,7.62,2.325553698,111,751.01002,-0.22157,201,-0.014486,0.207084,96,9.476,12.53,15.836,18.625,0.396352493,0.982745884,2.118037,9.958156,0.442121,25.062355,352.1212,6531.9662,1.2884,-56.26463,18.49371,2573.21901,1295.99438,1277.22463,-0.00344153,0.01117931,-0.01827722,0.00029517,0.13593528,0.01497566,0.40007203,452.76,267.82,8.30043,14.10674,0.40219611,0.0012671,-42.60132,-13.12313,-0.7836636,0.03633
144.00 ,,L144,4.59,6.17,9.3,8.39,7.1125,1.848545036,103,610.91295,-0.222231,167,0.000698,0.222929,91,9.643,12.344,12.89,19.076,0.4305123,0.989111272,2.208113,9.933562,0.727019,22.356202,249.58,5618.37348,1.2185,-59.32287,19.04889,2291.49846,1306.90264,984.59582,-0.00112635,0.00858826,-0.01402103,0.00030765,0.11410711,0.0111284,0.2972185,500.51,141.17,8.07426,14.26707,0.40151181,0.00087558,-42.57933,-12.00159,-0.7252225,0.029344
145.00 ,,L145,7.37,5.61,14.34,6.92,8.56,3.399139597,40,316.35399,-0.236016,83,-0.042611,0.193406,39,8.211,7.333,7.72,15.946,0.51440369,0.971014493,1.195018,5.002036,3.299981,14.311894,137.4698,2493.94993,1.4214,-65.40455,21.86463,1222.59942,634.36509,588.23433,-0.0042265,0.01581578,-0.02584054,0.00058255,0.11105696,0.02105475,0.56161665,154.38,187.98,8.54617,14.93825,0.41053215,0.00185151,-40.17035,-13.17834,-0.8484497,0.056704
146.00 ,,L146,10.77,12.03,15.88,5.63,11.0775,3.665415222,24,168.19339,-0.237639,45,-0.036912,0.200727,23,6.024,5.5,6.404,11.951,0.500985118,0.991948871,0.742818,3.188332,2.79992,23.015014,24.0212,1420.4562,1.3269,-65.72716,23.77933,767.04874,478.35815,288.69059,-0.00220371,0.01709408,-0.03418001,0.00085285,0.09439254,0.02413389,0.64013775,91.45,123.35,8.44707,14.8521,0.41972708,0.0016253,-39.47743,-13.72208,-0.80135,0.063625
147.00 ,,L147,7.99,15.78,9.37,8.22,10.34,3.183999058,44,268.39723,-0.204174,73,-0.001389,0.202786,36,5.726,8.765,9.798,11.008,0.372256603,0.96122948,1.506688,6.072261,2.856059,11.72685,84.8007,2488.25675,1.2087,-46.24183,27.74353,1104.78807,629.07891,475.70916,-0.00033362,0.01283841,-0.01775235,0.00028279,0.17193879,0.01500266,0.40692712,191.82,117.56,7.11183,13.76525,0.40293615,0.00143762,-34.24851,-13.16217,-0.750766,0.029201
148.00 ,,L148,24.68,21.14,4.23,4.84,13.7225,9.274864891,28,142.24223,-0.206197,40,0.087254,0.293451,28,4.806,5.68,8.384,9.218,0.395928185,0.959009571,0.879714,3.37765,2.25543,5.870135,39.6907,1452.01665,1.0977,-44.80335,29.84412,722.18013,503.84517,218.33496,0.00211872,0.0101893,-0.01650553,0.00040295,0.13915777,0.01141052,0.32922702,162.58,39.65,6.889,13.65248,0.40142021,0.00120843,-32.7469,-13.62844,-0.6824125,0.018738
149.00 ,,L149,13.79,22.67,14.86,15.3,16.655,3.515910266,21,137.17934,-0.227933,37,-0.000397,0.227536,21,5.101,5.905,6.822,10.215,0.445253247,1.00127426,0.811409,3.22534,1.703814,12.788983,97.0681,1245.62844,1.2341,-47.50016,50.31254,657.6518,385.04408,272.60772,0.00129427,0.01915721,-0.0239362,0.00052159,0.2383921,0.02093673,0.57519915,78.93,105.23,7.18405,14.50921,0.40555976,0.00201198,-37.57299,-12.6385,-0.7847037,0.041285
150.00 ,,L150,14.16,18.4,14.54,14.09,15.2975,1.799393995,48,294.43458,-0.207188,80,0.001203,0.208391,46,6.912,7.085,12.485,13.332,0.405203331,0.964409722,0.97833,4.683786,2.662036,7.745998,185.2563,2744.18602,1.2023,-35.02461,29.27244,1319.22978,767.06851,552.16127,-0.00040189,0.01137554,-0.01676321,0.00019066,0.19534956,0.01369963,0.37090585,250.25,119.17,7.29837,13.57608,0.39751618,0.00138452,-33.86899,-13.13661,-0.7453566,0.029467
151.00 ,,L151,6.23,6.4,7.87,7.6,7.025,0.718905418,46,300.39604,-0.200023,81,-0.00238,0.197643,32,7.089,7.007,11.657,12.741,0.405699729,0.898645789,1.165702,4.75029,2.962242,14.836821,296.7243,2666.08864,1.2626,-39.08268,28.42469,1267.79301,650.61403,617.17898,-0.00307407,0.01416875,-0.02125099,0.00028889,0.20396812,0.01784917,0.47936884,177.01,178.01,7.30389,15.02328,0.40660648,0.00183152,-37.64646,-13.34797,-0.7742188,0.043667
152.00 ,,L152,13.72,20.46,7.02,7.78,12.245,5.405985109,38,309.23399,-0.212175,81,-0.014739,0.197436,28,6.005,9.142,9.668,9.812,0.342813221,0.816985845,1.336825,5.814732,1.989888,11.651563,107.0981,2490.44617,1.3914,-37.56248,28.07424,1145.29505,548.53362,596.76143,-0.0011823,0.01363498,-0.01480212,0.00017863,0.24237778,0.01422173,0.38757506,187.81,132.91,7.31464,13.97696,0.40439779,0.00155102,-33.89424,-12.98252,-0.7237823,0.031149
153.00 ,,L153,12.05,7.66,10.98,9,9.9225,1.704000807,38,266.33826,-0.227409,71,-0.047368,0.180041,33,6.963,6.612,10.308,13.853,0.450167354,0.994758007,0.828254,4.207824,3.002732,21.440821,171.5164,2307.20059,1.2936,-64.97311,25.29196,1133.17029,534.96935,598.20094,-0.00435902,0.0156484,-0.02225161,0.0004944,0.16107958,0.01914753,0.5206691,164.96,152.36,8.27452,14.71356,0.40759888,0.00144587,-39.57414,-12.9552,-0.8035846,0.04552
154.00 ,,L154,7.41,6.9,6.48,5.7,6.6225,0.62619386,80,501.70392,-0.196422,136,-0.04692,0.149501,68,8.913,7.336,13.944,16.715,0.439926306,0.937675306,0.941934,5.033924,3.241279,33.779153,53.3992,4494.97172,1.2507,-39.88504,23.14386,2058.70136,1050.58733,1008.11403,-0.00120332,0.0122615,-0.01523543,0.00026003,0.22251568,0.01378511,0.37327987,380.3,196.19,8.40907,14.39903,0.4033441,0.00091757,-38.73089,-12.98306,-0.7643822,0.04826
155.00 ,,L155,8.61,7.09,6.42,5.56,6.92,1.116310889,86,529.75716,-0.197448,144,-0.04463,0.152818,84,8.313,9.276,14.309,14.352,0.378311411,0.863226272,1.372093,6.720605,2.034591,22.053167,146.5829,4776.06255,1.2429,-30.86269,19.3498,2046.36282,1067.91754,978.44528,-0.00242491,0.00971893,-0.01567923,0.00020067,0.19065634,0.01286271,0.34201402,398.66,174.38,8.74239,14.19617,0.40299416,0.00073059,-40.3669,-13.31422,-0.7675591,0.048243
156.00 ,,L156,10.6,9.68,5.63,5.49,7.85,2.313514642,58,391.50686,-0.189112,105,-0.03768,0.151433,56,7.327,9.306,12.486,14.206,0.394633035,0.969428142,1.469248,6.603116,3.064027,18.94813,231.6129,3370.14069,1.3018,-43.1207,22.18851,1514.6195,773.05335,741.56615,-0.0022459,0.01364716,-0.01881379,0.00024228,0.20397963,0.01628988,0.44019232,238.82,185.31,8.35426,14.59148,0.40722885,0.00130386,-41.06342,-13.0171,-0.7927604,0.0459
157.00 ,,L157,11.08,9.6,5.69,5.58,7.9875,2.410304701,40,307.34716,-0.189234,81,-0.038159,0.151076,39,6.538,7.073,10.562,11.757,0.400006805,0.899128174,1.045153,4.671896,3.626485,25.057296,238.4197,2463.12339,1.3983,-47.00049,26.73022,1184.97256,570.60503,614.36753,-0.00306595,0.01773618,-0.02238631,0.00031942,0.22417081,0.02014066,0.54823085,138.19,193.64,8.25522,14.94606,0.41260756,0.00197379,-40.53039,-12.95408,-0.8408251,0.051951
158.00 ,,L158,8.15,6.97,6.56,5.67,6.8375,0.891666277,74,473.65069,-0.195552,128,-0.045571,0.149981,65,8.341,6.754,14.107,15.588,0.427666054,0.934420333,1.059022,4.351228,3.631419,28.99333,101.1327,4191.31299,1.2663,-43.19437,23.38219,1924.80218,973.80824,950.99394,-0.00249685,0.01144379,-0.01677191,0.00026931,0.20111647,0.01430226,0.38303491,340.04,198.96,8.3425,14.55965,0.40394305,0.00086323,-39.58413,-13.30528,-0.7713129,0.052003
159.00 ,,L159,8.39,7.12,6.41,5.6,6.88,1.024329049,82,569.73657,-0.197656,152,-0.047284,0.150372,81,8.827,8.876,15.612,17.524,0.417118918,0.99263623,1.297946,6.494875,3.413007,29.192681,298.3441,4850.95253,1.3161,-45.1068,24.12077,2096.6031,1020.98761,1075.61549,-0.00253008,0.01224002,-0.01655004,0.00025817,0.21551509,0.01454742,0.39323656,358.86,228.25,8.3773,14.59363,0.40393477,0.00122161,-39.55701,-13.12766,-0.8037046,0.050056
160.00 ,,L160,8.24,7.01,6.51,5.67,6.8575,0.930789316,68,445.59745,-0.196144,120,-0.045544,0.1506,53,8.275,6.787,13.622,14.607,0.417152159,0.882598187,0.942257,4.403634,3.976433,30.226907,142.3972,3886.91356,1.2846,-44.14065,24.57996,1802.56713,886.07802,916.48911,-0.00280436,0.01236648,-0.0174718,0.00028692,0.20837534,0.0151506,0.40714236,305.28,199.49,8.34551,14.76248,0.40521035,0.00107616,-39.46995,-13.30948,-0.7832642,0.053963
161.00 ,,L161,7.37,6.93,6.57,5.79,6.665,0.579202037,62,417.54422,-0.196037,112,-0.046926,0.149111,60,7.834,6.741,11.819,14.861,0.444660543,0.948493745,0.878331,4.340864,3.266407,40.599104,247.1765,3575.38834,1.3087,-42.06203,25.21054,1661.26382,766.59536,894.66846,-0.00204117,0.01515075,-0.01677203,0.00036389,0.23566264,0.01598857,0.43603213,265.92,199.29,8.41277,14.93478,0.40716956,0.00143086,-38.73362,-13.31943,-0.7952268,0.054515
162.00 ,,L162,3.85,3.84,3.92,3.92,3.8825,0.037666298,79,608.72796,-0.206031,160,-0.039351,0.166681,73,10.569,9.071,12.265,20.726,0.492748799,0.980509036,1.575658,6.7489,2.986935,14.483088,377.8277,4911.6645,1.3888,-40.70367,20.90113,2260.49567,1033.85968,1226.63598,-0.00405682,0.01371577,-0.0190363,0.00022417,0.20014093,0.01651281,0.45178802,323.39,309.61,8.46665,14.7044,0.40530286,0.00158537,-40.85786,-13.118,-0.8342673,0.048418
163.00 ,,L163,6.06,6.41,7.76,8.12,7.0875,0.870786283,107,790.98944,-0.204424,209,-0.038737,0.165687,100,9.838,8.561,13.841,19.021,0.459189339,0.966710714,1.617459,6.271724,3.7723,29.335199,731.4537,6519.65482,1.3595,-51.21311,23.45564,2579.17208,1282.13983,1297.03225,-0.00356001,0.01265669,-0.01959051,0.00027842,0.17426477,0.01632788,0.43929016,410.63,311.62,8.4221,14.5857,0.40398465,0.00143679,-41.67233,-13.15121,-0.8154743,0.043312
164.00 ,,L164,4.63,4.69,6.83,6.92,5.7675,1.108160074,99,738.91473,-0.189253,195,-0.061389,0.127864,91,11.462,9.785,13.71,22.765,0.492109814,0.993064038,1.43615,7.278343,3.634544,28.139957,652.7388,6052.66341,1.368,-44.77625,22.56012,2548.09038,1179.31475,1368.77564,-0.00313445,0.01416206,-0.01803685,0.0002415,0.20601598,0.01617732,0.44200833,370.31,343.23,8.27032,14.56741,0.40242674,0.00147598,-41.4237,-13.10175,-0.8291824,0.045247
165.00 ,,L165,4.2,4.17,4.97,5.13,4.6175,0.436312675,123,763.10531,-0.211353,207,-0.02351,0.187843,104,10.379,11.395,14.95,19.163,0.421090797,0.923162154,2.28387,9.152355,3.074099,18.572111,647.1162,6889.47403,1.2412,-47.5915,20.83067,2927.15705,1530.65672,1396.50033,-0.00227557,0.00928972,-0.01495189,0.00026454,0.14690012,0.01228826,0.32629302,598.75,220.94,8.28912,14.53687,0.40162122,0.00087527,-42.18028,-13.2902,-0.7526139,0.037251
166.00 ,,L166,3.59,3.5,3.4,3.45,3.485,0.070178344,93,710.8615,-0.188732,187,-0.060918,0.127814,86,10.039,10.01,12.259,20.078,0.474130399,1,1.95269,7.662149,2.26994,24.213753,686.7785,5756.16815,1.3839,-42.23794,20.82954,2310.35625,1120.78249,1189.57375,-0.00239869,0.0141118,-0.0179544,0.00021643,0.2110581,0.01611752,0.43783948,329.28,317.69,8.52067,14.39041,0.40208833,0.00148496,-38.32989,-13.12327,-0.8336607,0.04641
167.00 ,,L167,8.29,8.27,7.95,8.14,8.1625,0.135531362,87,638.79708,-0.2053,169,-0.037155,0.168145,85,9.942,8.241,13.698,19.644,0.472404588,0.987929994,1.359298,5.852885,3.749796,28.536959,454.2402,5293.77707,1.3522,-50.63344,22.60347,2331.09021,1131.78139,1199.30882,-0.00386596,0.01218456,-0.01901275,0.00029942,0.1685139,0.01587649,0.42715225,380.01,272.76,8.33244,14.57889,0.40465465,0.00139305,-40.59172,-13.0491,-0.8090265,0.044873
168.00 ,,L168,8.27,8.34,8.06,8.24,8.2275,0.103289641,89,670.79589,-0.195501,177,-0.036524,0.158977,84,9.274,10.144,14.319,18.33,0.428341084,0.988246711,1.835145,7.678236,5.524167,44.447598,503,5406.21102,1.3904,-53.39342,24.85168,2323.89286,1038.54028,1285.35259,-0.00512498,0.01542516,-0.0217291,0.00035431,0.18603868,0.01875481,0.5146187,309.83,340.93,8.32536,15.08418,0.40543137,0.00160601,-41.87147,-13.15596,-0.8213471,0.047474
169.00 ,,L169,6.71,6.65,7.6,7.48,7.11,0.432608368,81,610.74385,-0.205449,161,-0.040284,0.165166,78,9.918,8.438,13.854,18.727,0.456544528,0.944091551,1.557768,6.054233,3.786666,19.847373,626.4778,4993.73521,1.3705,-50.35217,22.31039,2199.57317,1034.06406,1165.50911,-0.00382567,0.01342438,-0.01913028,0.00029733,0.17302254,0.01650086,0.44756787,329.06,286.88,8.29972,14.59283,0.40422919,0.00151539,-41.71293,-13.10448,-0.824082,0.046288
170.00 ,,L170,2.99,3.08,4.2,4.34,3.6525,0.620297308,89,662.81855,-0.212333,175,-0.027853,0.184479,81,9.512,10.852,13.681,18.384,0.428361721,0.966358284,2.047927,8.6437,2.525368,26.176075,346.4203,5489.05835,1.3531,-46.38969,19.395,2382.37788,1153.40193,1228.97595,-0.0035042,0.01264243,-0.01865791,0.00026547,0.15939917,0.01585341,0.42845907,378.81,288.33,8.43978,14.57419,0.40510738,0.00148429,-41.81476,-13.11186,-0.8046914,0.041011
171.00 ,,L171,3.56,3.5,6.81,6.88,5.1875,1.657820482,93,710.8615,-0.204731,187,-0.040629,0.164102,85,10.983,10.082,15.333,20.13,0.441980459,0.91641628,1.57048,7.768581,4.046617,37.024803,547.8922,5747.49454,1.386,-44.12191,22.47849,2453.63863,1132.2681,1321.37053,-0.00376761,0.0140055,-0.0189972,0.00022637,0.20746327,0.01665407,0.45425879,336.87,350.22,8.45023,14.61771,0.40296931,0.00150292,-41.7485,-13.09708,-0.8400325,0.047872
